"What kind of pet is this (Dog, Cat, Bird, Other)","Pet's Full Name (you don't have to include your last name. Think ""Winston Churchill"" and not ""Winston Churchill MYLASTNAME"")","Pet's everyday name (e.g. ""Church"")",Pet's age,Pet's breed (if applicable)
Dog,Widget,Widget,5,Mini dachshund
Dog,Stella Bo Bella,Stella,6.5,Mutt
Cat,Meryl Streep,Merrill,8,Unknown
Dog,Tilly,Tills,13,Chocolate labrador
Cat,Pumpkin,Pumpkin,12,Unknown
Dog,Peter Peter Pumpkin Eater,Petey,5,Pit bull mix
Cat,Jacques,Jacques,12,Unknown
Dog,Remy,Rem,1,Unknown
Dog,Oreo,Oreo,7,Unknown
Dog,Ljus  (Swedish word for light),Ljus,0.3,Golden retriever
Dog,Bambi,Bambs,3,Unknown
Cat,Marie Curie,Marie,3,Unknown
Cat,Clarence,Clarence,12,Russian blue
Dog,Layla ‚ÄòThe Tank‚Äô,Layla,3,Pit bull mix
Cat,Amber,Ambs,10,Tortie cat
Dog,Benny and the Jets,Ben,1,Mastiff/Great Dane
Dog,Milo,Milo,7,Bichon frise cross
Dog,Mocha,Mocha,3,Pit bull mix
Dog,Shadow,Shadow,15.5,Golden retriever
Cat,Little Bit,Skittles,10,Tabby cat
Dog,Luna,Luna,1,Great pyrenees
Cat,Garrison,Garrison,9,Russian blue
Dog,Cody,Baby,13,Black lab/cocker spaniel mix
Hamster,Hammy,Ham,1,Russian dwarf hamster
Cat,Zoey,Zoey,13,Cat
Dog,Oatmeal,Oatmeal,0.6,Golden retriever
Dog,Ginger,Nugget,10,Chihuahua
Cat,Lucy,Lucy,4,Russian blue
Dog,Starbuck Louise,Starbuck,4,Goldendoodle
Dog,Mocha Antoinette,Mocha,7,Mutt
Dog,Oscar,Oscar,10,Shepherd mix
Cat,Serena,Mouse Pie,17,Domestic long hair
Cat,Maxine Waters,Maxine,4,Unknown
Dog,Magnolia Mae,Noli,2.5,Great pyrenees
Dog,George Cooper,Georgie,2,Golden retriever
Dog,Cayenne,Cayenne,8,German shepherd
Cat,Pip,Pip,11,Tuxedo
Dog,Olive Oil,Olive,2,Australian shepherd
Rabbit,Iggy and Ziggy,Igs and Zigs,3,Lop 
Dog,Brook,Brookie,7,Golden retriever
Dog,Sparkie,Spark,4,Mutt
Dog,Max,Maxie,16,Cairn terrier
Dog,Howard,Howie,10,American Staffordshire Terrier mix
Cat,Samantha Bee,Sam,3,Tuxedo
Dog,Ella Fitzgerald,Ella,12,Heinz 57
Cat,Chanel,Teeny,6.5,Unknown
Fish,Commander Ambrose,The Commander,0.8,Betta fish
Dog,Josephine Bakes,Josie,5,Pit bull mix
Dog,Lennie,Lennie,2,Treeing Tennessee Brindle
Cat,Obsidian Jazz Paws,OJP,1,Feral
Cat,Scotty,Scotty,8,Domestic short hair
Cat,Macallan,Mac,8,Unknown
Dog,Cody James,Buddy,1.5,Golden retriever
Dog,Jake,Jake,2,Golden retriever
Cat,Katie,Boo,9,Tuxedo moggy
Dog,Gail,Gail,3,Treeing Tennessee Brindle
Hamster,Bella,Bella,2,Russian dwarf hamster
Cat,June Bug,June Bug,5,Unknown
Dog,Lucky,Luck,3,"Jack a bee (half jack russell, half beagle)"
Dog,Darcy,Darcy,3,Working cocker spaniel
Cat,Neko,Neko,6,Domestic short hair
Cat,Maisy,Maisy,7,Unknown
Dog,Luke Anakin,Luke,9,Golden retriever
Dog,Sadie,Sadie Pot Pie,10,Mixed
Dog,Hazel Nut,Hazel,3,Australian shepherd
Cat,Mongoose,Goosey,1.9,Unknown
Cat,Flerf,Bab,16,Tortie cat
Dog,Bourbon,Bourbon,3,Mixed
Dog,Riley,Smiley Riley,13,Golden retriever
Cat,Murphy,Murph,13,Domestic short hair
Dog,Mr. Nubs,Mr. Nubs,16,Corgi
Cat,Mackerel,Mack,1.9,Unknown
Cat,Regis,"Regis (or ""little asshole"")",0.8,Unknown
Cat,Laetynne Marah,Lae lae,7,Siamese
Cat,Callie,Callie,15,Domestic short hair
Dog,Bentley,Bentley boy,3,Australian labradoodle
Cat,Crumb Bun,Bobo,9,Tuxedo garbage cat
Dog,Fenway,Fenway,6,Boston terrier
Dog,Benelli,Name,3,Black lab
Turtle,Lenny,Lenny,12,Unknown
Dog,Washington the Destroyer,Wash,6.5,Chocolate labrador
Cat,Otto,Otto,16,Unknown
Dog,Philomenos,Philo,9,Portuguese Water Dog
Dog,Stampy Wiggles,Stampy,10,Goldendoodle
Dog,Jasmine,Jaz,5,Golden retriever
Dog,Emma,Puppy,1,Chocolate labrador
Dog,Winston,Wintin,4,Wire-haired mutt
Dog,Torchenay Be Cool,Max,13,Beagle
Cat,Petunia Marie,Tooney,7,Domestic short hair
Dog,Brutus,Brutus,7,Labrador
Cat,Louis,LouLou,4.5,Black cat
Cat,Lilah May,Lilah,12,Domestic short hair
Dog,Lucu,Puppy,7,Black lab/ blue heeler
Dog,Mosephine,Mo,1,St
Dog,Abegeweit,Abi (Abby),16,Fox terrier mix
Dog,Kramer,Kray Kray,12,Golden retriever
Bird,Coco Moe,Coco,15,Cockatiel
Cat,Apollo,Beeper,1,Unknown
Dog,Rusty,Wusty,5,Golden lab mix
Dog,Demi,Dems,6,Mixed
Dog,Alfredog,Alfie,11,Mutt
Bunny,Professor Nibblesworth Bunnypants,Nibbles,6,Netherl
Dog,Shorty Do-Op,Shorty,15,Mutt
Dog,Penny,Penny,3,Australian shepherd
Dog,Tuxedo,Tux,1.5,Schnauzer
Dog,Sally,Sally,7,Golden retriever
Dog,Lola,Lola,6,Mixed
Cat,Noodle,Noodle,4,Domestic medium hair
Dog,Gustav,Goober,10,German shepherd
Hamster,Charlie,Charlie,1.5,Syrian hamster
Dog,Poppy Sue Galushka Clementine,Poppy,4,Treeing Walker Coonhound
Dog,Duke,Duke,3,Australian shepherd
Dog,Millie,Mills,7,Jack russell terrier
Dog,Sir Winston of Weston,Winston ,10,Golden retriever
Cat,Bucky,Bucks,2,Norwegian Forest cat
Dog,Angus OgDog Dogga McDuff,Angus,Deceased,West Highl
Cat,Spot,Spotty Bear,4,Domestic short hair
Cat,Cookie,Cooks,2,Ragdoll
Dog,Lady,Doofus,6,Chocolate lab mix
Dog,Maggie Peaches,Maggie,13,Bichon Poodle
Cat,Amelia,Amelita,2,Unknown
Dog,Camembert,Cami,5,Bernese mountain dog
Dog,Shadow,Shadow,3,Saluki
Dog,Archer,archer,3,Golden retriever
Dog,Robbie,robz,1.5,Whippet
Cat,Noah,Noah,2,Unknown
Cat,Lovey Cat,Lovey,18,Unknown
Dog,Roxy,Roxy,8,Pit bull mix
Dog,Ashton Sebastian,Ash,9,Pit bull mix
Dog,Maximum,Max,10,Beagle
Dog,Rosalind Pearl,Rosie,5,Border collie cross
Bunny,Lena,Lena,8,Dwarf rabbit
Hamster,Beauxbaton,Beau,2.5,Winter white
Dog,Chyna,Chyna,16,Little terrier poodle mix
Dog,Sadie,Sadie,4,Cockapoo
Dog,Flynn,Flynn,0.9,Corgi
Cat,Felicity Louise,Flick,4,Domestic short hair
Fish,James Pond,James,5,Goldfish
Cat,Mars,Mars,8,Domestic short hair
Dog,Loki,Loki,3,Unknown
Cat,Millie,Mill,13,Domestic short hair
Dog,Trixie,Trix,3,"Toy Fox Terrier / Yorkie (""Torkie"")"
Dog,Birdy,Birdy,4,Pomeranian mix
Cat,Charlotte Wallace,Chuck,8,Cat
Cat,Thumper Dumper Bumble Butt,Thumper,16,Domestic short hair
Dog,Vince,Vincie,11,Labrador
Dog,Cobert,Cob,2,Dalmatian
Fish,Little Prince,LP,2,Betta fish
Dog,Jack Daniel,Jackie,3,Chocolate labrador
Dog,Crinkle,Crinkle,7,Mongrel
Dog,Maisy Lynn Marie,Mimsy,6,Beagle mix
Dog,Beemer,Beemo,7,Aussie doodle
Guinea pig,Rosencrantz WGP,Rosie,3,Unknown
Cat,Michelin,Michelin,14,"Cat, he's a cat, we found him on my dad's tire... I think you can guess what br"
Dog,Mac,Mac,5,Boxer mix
Dog,Maximillion Taxi,Max,9,Lab mix
Dog,Krypto,Dinky,6,Golden retriever
Cat,Piper,Pippin,5,Cat
Dog,Bo Jangles,Bo,0.8,Husky/Boxer
Cat,Slinkey,Slonk,5,Unknown
Dog,Brixton,Brixie,1,Golden retriever
Dog,Jasper,Jasper,10,Miniature labradoodle
Cat,Tabitha,Tabber,8,Unknown
Dog,Shadow Montgomery,Lovebug,2,Golden retriever
Fish,Vitale Male the hot tamale who has a cooking show with Mario Batale,Vitale,1,Betta fish
Cat,Ramona,Meemo,4,Unknown
Dog,Scout,Scout,14,Beagle
Cat,Cocoa,Cokes,12,Tuxedo shorthair
Cat,Napoleon,Deviled egg,2,Unknown
Dog,Libby,Libby,12,Golden retriever
Dog,Jasper Tucker Oaf,Jasper,11,Black lab
Cat,Clarissa Fluffnugget,Clary,2,Domestic long hair
Dog,Tazmanian Devik,Taz,9,Mutt
Dog,Iggy Pup,Iggy,0.3,Miniature double doodle
Dog,Lilly,Lilly,12,Labrador retriever
Dog,Furrdinand,Furrdie,10,Pomeranian mix
Dog,Monster Mayhem,Doodle,8,Dachshund
Dog,Watson,Watson,6,Labrador retriever
Dog,Shine,Shine,12,Hound mix
Dog,Freeney Schnurpel,Freenster,13,Shi Tzu mix
Dog,Bella Jean,Bella,Unknown,Chihuahua/yorkie mix
Dog,Ratchet,Ratchie,5,Pug
Dog,Clifford,Clifford,4,Clumber spaniel
Dog,Goose,Gooby,1,Rat Terrier Mix
Cat,Cricket,Crickby,7,Domestic long hair
Dog,Magnus,Munchkin,7,Cairn terrier
Cat,Baby Kitty,Baby kitty,7,Kitty cat
Dog,Shiloh‚Äôs Dixie Skye,Dixie,8,Mini schnauzer
Dog,Bootsie,BootsToots,17,Trrrier mixed
Cat,Bowie,Kitty boy,0.7,Tuxedo cat
Dog,Mindy,Mindy,10,Black lab
Dog,Spock,Spock,7,Mixed
Dog,Merlin,Mer-dog,12,Chesapeake bay retriever
Dog,Sylvia Plath,Sylvia,3,German Shorthaired Pointer
Dog,Smokey Neyland,Smo,9,Schnoodle
Dog,Rufus Tee Hilderbrec,Rufus,11,Shi Tzu mix
Dog,Baillie,B or B-Dog,7,Border collie
Dog,Sebastian,Bash,0.3,Maltipoo
Cat,Mika Joe,Mika,9,Siamese
Dog,Tess,Tess,13,Border collie cross
Dog,Zorro,Z,8,Chihuahua
Dog,Deacon,Deac,11,Chesapeake bay retriever
Cat,Sir charles chickenhock chaplin the teleporting dot,Charlie,11,Unknown
Cat,Ally,Al,4,Cat
Rabbit,Gandalf,Gandalf,10,Lionhead
Cat,Lucas Adam Wilkins,Luke,10,Tabby cat
Dog,Robert Ferguson Mooney,Bobby,6,Golden retriever
Dog,James buchanan barnes,Bucky,2,Unknown
Dog,Buddy Boy,Buddy,16,Cocker spaniel
Cat,Cleo,Dump,2,Cat
Dog,Belle Watling,Belle,2,Maltese
Dog,Magladon wagladon,Maggie,1,Old English sheepdog
Dog,Bella,Bella,14,Unknown
Horse,Half pint,Half pint,6,Unknown
Cat,Leah Suji Wilkins,The Squeak aka Squeakerfish,10,Tabby cat
Dog,Sophie,Sophie,11,Golden retriever
Cat,Mitsy,Mitsy,4,Unknown
Dog,Stewart Little,Stewie,16,Pomeranian mix
Dog,Sadie,Sadie,0.9,Golden retriever
Dog,Ashley Wilkes,Ash,11,Yorkie Poodle
Cow,Daisy the cow,Daisy,3,Unknown
Dog,Oliver Jospeh Andrew,Oliver,Deceased,Golden lab mix
Dog,Rhett,Rhetters,12,English springer spaniel
Cat,Emma May Wilkins,Emma,4,Tortie cat
Cat,Hashtag Anamara Mainecoon,Hashtag,6,Maine coon
Fish,Caroline Gravel,Gravel,2,Betta fish
Dog,Lily,Lil,5,Golden retriever
Cat,Arthur Fonzarelli,Fonzie,12,Part Maine coon
Cat,Vriska Serket,Vriska,8,Domestic short hair
Cat,Fabio,Fabio,3,Unknown
Dog,Cookie,CookieMonster,8,Shi Tzu mix
Dog,Brutus,Brutus,10,Great pyrenees
Dog,Ralph,Ralph,0.3,Golden retriever
Dog,Kurt,Kurtis,2,Black mouth cur
Dog,Lyra Cristina,Lyra,0.8,Mixed
Dog,Bailey bear,Bay girl,6,Lab 
Dog,Brooklyn,Brooklyn,2,Beagle
Cat,Isabelle,Izzy,11,Tortie cat
Dog,Champion Craig,Champ,14,Beagle mix
Cat,Kelly,Kelly,Deceased,Unknown
Dog,Lennox,Lenny,4,Shi Tzu mix
Dog,Sullivan Otis,Sulley,10,Catahoula Leopard
Cat,oreo vanilla cookie,nene,11,Unknown
Cat,Chessie,Chess,12,Siamese
Dog,Hank,Hanky panky,1,Black mouth cur
Dog,Allie Nichols,Allie,5,Mutt
Dog,Lila,Lila,5,Newfoundl
Cat,Bubbles,Bubs,11,Chartreux
Dog,Liberty Louise,Libby,9,English springer spaniel
Cat,Sushi Charrito,Sush,2,Tuxedo cat
Cat,Mouse,MousePotato,3,Unknown
Cat,Kate,Katie,19,Tortie cat
Dog,Jimmy,JimmyJamSunshineMan,5,Shi Tzu mix
Dog,Rocky,Rocko,9,Rottweiler
Dog,Sheldon Michael,Shel,7,Westin/min pin
Dog,Jackson,Pupper,3,Australian shepherd
Cat,Midnight,Keek,19,American short hair
Dog,Maxwell Amos,Max,10,Catahoula Leopard
Cat,angelina,whitey,5,Unknown
Dog,Margaret Lewis,Maggie,11,Mutt
Dog,Ginger,Geeper Creeper,10,Golden lab mix
Dog,Gator,Tate,8,Rottweiler mix
Dog,Badger,Badger,12,Dachshund
Dog,Beauregard,Beau,22,Golden retriever
Dog,Buffy,Buffy and/or Buffalo,8,Beagle/Jack russel
Dog,duque,duque,1,Mixed
Dog,Mika,Mika,5,Husky
Dog,Scarlett,Little Girl,8,Border collie
Dog,Macy,Macy,11,Golden lab mix
Dog,Gromit Walker,Gromit,8,Golden retriever
Cat,Ms. Kitty,Ms. Kitty,16,Unknown
Dog,Gracie Lou Freebush,Gracie,9,Black Lab/Angel
Dog,River,River,0.3,Husky
Ferret,Leo,LeHOE,1,Unknown
Dog,Olaf,Olaf,4,Chihuahua
Dog,Buttons,Buttons (sometimes with a french accent),2,Beagle
Dog,Stevie James,Steve,9,Maltipoo
Dog,Mila,Crusty,14,Rottweiler mix
Dog,Murphy,Murph,5,Golden retriever
Cat,Tiger,tiggy,5,Unknown
Cat,Edna Lou,Breadna,5,Unknown
Cat,Princess Purdy,Purdy,11,Domestic long hair
Cat,Squidward,Squid,1,Domestic short hair
Dog,Oscar the Amazing VelcroDog,Oscar,12,Terrier mix
Dog,Poppy,Poppy,4,Shi Tzu mix
Cat,daisy dukerson,Daisy,5,Unknown
Cat,Tigger,Tigger,17,Tabby cat
Cat,Bubbles,Bubby,6,Unknown
Cat,Prince Charlie,Charlie,11,Domestic long hair
Dog,Ellie Mae,Ellie,13,Cocker spaniel
Dog,Snowy,Snow,11,Shi Tzu mix
Dog,Bruno,Bruno,4,Border collie
Cat,Twitch,Twitch,11,Domestic short hair
Dog,Mona,Mona,Deceased,Bluetick beagle
Cat,harley davidson,har mar,9,Unknown
Cat,Ted Kennedy,Teddy,1,Domestic short hair
Dog,Yaz,Yazzy,11,Golden retriever
Dog,Princess Leia Organa,Princess,Deceased,Mutt
Dog,Oakley,Oak,3,Shi Tzu mix
Dog,Tinkerbell,Tinky,4,Chihuahua
Cat,Bella,Bella,4,Maine coon mix
Cat,Fup,Fup,10,Unknown
Dog,Beckett,Beckett or Becky,9,Golden retriever
Cat,Fudge,Fubdge,3,Ginger
Cat,Lady Luck,Lucky,11,Domestic short hair
Cat,Moose,Moose,4,Maine coon mix
Dog,Logan,Logan,10,Black lab
Dog,Daisy Grace,Daisy,8,Mixed
Cat,Leela,The Cat,10,Domestic short hair
Cat,Ellie,Ellie-phant,9,Calico
Cat,Her Royal Highness the Princess Blaze,Blaze,9,Domestic short hair
Cat,Phillipe Robert Jean Luc Tugboat ‚ÄúToot! Toot!‚Äù,Phillipe,4,Manx
Cat,Alexander DapperCat,Alex,9,Domestic short hair
Dog,Lila Betterhalf,Lila,13,Greyhound
Cat,Darling,Baby Girl,14,Manx
Cat,Smokey,Mr Moke,12,British short hair
Cat,Jezebel,Jez,14,Himalayan
Dog,Tula Jean,Tula,1,Unknown
Cat,Edison D. Cat,Eddie,9,Domestic short hair
Cat,Redford,Rasa,12,Unknown
Dog,Odin,Odin,1,Mixed
Dog,Annie Piker,Annie,8,Greyhound
Dog,Rusty,Rusty,4,Golden retriever
Cat,Thomas,‚ÄúTom‚Äù ‚ÄúOld Man‚Äù,18,Domestic short hair
Cat,Fleckchen,Monster,7,European Shorthair
Dog,Stella Luna,Stella,4,Lab mix
Cat,Fay Fuller,Fay,0.3,Unknown
Dog,Pancho Villa,Pacho,12,Pug
Dog,Waldo,Waldo,9,Cockapoo
Cat,Luna,Kuschelmaus,8,European Shorthair
Dog,Yadier,Yadi,4,Golden retriever
Dog,Ruby Gem,Ruby,4,Terrier mix
Dog,BuddyGus,Buddy or Boo,1.7,Golden retriever
Dog,Homer,Homie,5,Springer spaniel
Dog,Pippie,Pippie or Pippo,2,Pit bull mix
Dog,Parker,Unknown,6,Beagle
Dog,Chipper Doodle,Chip,12,Chocolate labrador
Dog,Jack,Jack,7,Labrador retriever
Dog,Xena,Xena,14,Miniature Pinscher
Dog,Gabby,Gabby,2,Golden retriever
Dog,Rosebud,Rosie,10,Beagle
Dog,Cooper,Coopee,10,Yorkshire
Dog,Shakota,Shakota,12,Siberian husky
Dog,Wilbur,Wilby,7,French bulldog
Dog,Finn T. Dog,Finn,0.4,Weimaraner
Cat,Wilma,Wilma Jean the Queen,2,Orange tabby
Dog,Baylee,Baylee Boo,2,Unknown
Dog,Sprocket,Bark,Deceased,Mutt
Cat,Peppercorn Ale,Pepper,14,Unknown
Cat,Stanley,Stan the handsome man,1,Orange tabby
Bird,Ahanu,Ahanu,13,Caique
Dog,Sophie,Sophie,13,Maltese mix
Dog,Sasha,Chunk,1,Lab/shepherd
Bird,Perkins the Parakeer,Perkins,3,Parakeet
Dog,Kookie (pronounced cookie) Pants,Noodle,15,Jack russell terrier
Dog,Miss Maisy Cakes,Maisy,1,Rescue Mutt
Dog,Han Solo,Solo,3,English cocker spaniel
Dog,Lillith Anne,Lily,6,Alaskan Husky
Dog,Michelangelo,Mikey,11,English cocker spaniel
Dog,Freddie Beagle,Fred or Freddie,11,Beagle
Dog,Pieper,Pooper,4,Unknown
Fish,Toilet Mimosa Gillan,Togimi,0.5,Betta fish
Dog,Jacob,Jake,6,Alaskan Husky
Lizard,Drazil Marie,Drazil,4,Bearded Dragon Lizard
Dog,Titus Augustus,Tidy,9,American Foxhound
Dog,Unknown,Cirrus,2,Poodle mix
Dog,Shelby,Shelby,14,Labrador retriever
Dog,Unknown,Nimbus,0.5,Poodle mix
Dog,Finn,Finn,1,Cavalier king charles spaniel
Cat,Kitten Kitten Kittycat,Kitty,14,American Long hair
Dog,Tessie Joan (of Arc),Tessie,7,American Foxhound
Dog,Ginger,Ginger,12,Golden retriever
Dog,Sadie,Sadie,6,Golden retriever
Dog,Flicka,Flicky,12,Labrador retriever
Dog,Koda Kingslayer,Koda,2,Golden retriever
Dog,Flicka,Flicky,12,Labrador retriever
Dog,Maggie,Ms America,7,Golden retriever
Dog,Henry (after Dorian Grey),Henry,1,Brittany
Dog,Megan,Puppy,10,Mutt
Cat,Dante‚Äôs InFURno,Dante,7,Maine coon
Cat,Gatsby,Gatsby,0.8,"Stray, black"
Cat,Tyrone,Tyrone,0.5,Unknown
Dog,Hopper T. Dog,Hops,6,Golden retriever
Dog,Snickers,Snickers,10,Beagle mix
Cat,Tommy toe,Tommy,3,Unknown
Cat,Wheels,Wheels,16,Unknown
Dog,Venkman,Venk,5,Golden retriever
Cat,Maisie,Maisie,0.8,"Stray, black"
Dog,Murphy,Murph,0.5,Cocker spaniel
Dog,Maggie,Schmieg,12,Golden retriever
Cat,Lin Meow Miranda,Lin,3,American short hair
Dog,Jasmine,Jasmine,13,Golden retriever
Dog,Hurley Pearly Sky-Sky,Hurley,7,Shi Tzu mix
Dog,Queso,Queso,14,Golden retriever
Dog,Breezy Anne,Breezy,5,German shepherd
Dog,Riley,Riley,7,Golden retriever
Fish,Fishy Fishy Fishy III,Fishy,0.8,Siamese Fighting Fish (Beta)
Dog,Homer J,Homer,10,Basenji Mix
Dog,Tucker,Tucker,7,Golden retriever
Cat,Kitty Vegas,Vegas,6,Domestic long hair
Dog,Abby,Abby,3,Pit bull mix
Dog,Cooper Triple Bogey,Coop,0.2,Golden retriever
Dog,Shelby,Shelby,1,Blue tick coon hound
Cat,Dr Gaius Baltar,Gusgus,10,Russian blue
Dog,Oakley Dalton,Oaks,6,Unknown
Dog,Lucy Lou,Goose,9,Golden retriever
Cat,April,April,14,Unknown
Cat,Vasquez,Vasquez,7,Domestic short hair
Dog,Niles Crane,Niles,4,Border collie
Dog,Little Lucky One,Lucky,13,Chihuahua
Dog,Benjamin Sebastian,Benjamin,7,Collie basset hound mix.
Dog,Siris Maximus,Sirius,5,Alaskan Husky
Dog,Blaze,Blaze,5,Labrador retriever
Dog,Brody,Brody,11,Yorkshire
Cat,Ripley,Chubby Chubs,4,Domestic short hair
Dog,Director of Chaos,D.O.C.,4,Boxer
Cat,Josh Joshua Joshylin,Josh,6,Tuxedo cat
Cat,Lisa,Lisa,Deceased,Unknown
Dog,Cody,Codes,11,Golden retriever
Cat,Nepeta,Nepeta,2,Short haired
Dog,Emma,Rotta,6,Mittelspitz
Cat,Leeloo Dallas Multipass,Leeloo,9,LaPerm
Dog,Isabella Grace,Bella,7,Maltese
Dog,Cookie Boogie,Boogie,3,Unknown
Cat,Cataria,Tarie,2,Unknown
Dog,Salina,Salina,2,Hound mix
Dog,Theodore James,Theo,5,Maltese
Dog,Ofelia,Ofie Lofie,15,Norwich Terrier
Dog,Hermie,Hermie,3.5,Chocolate lab mix
Lizard,Turtle,Turtle,5,Unknown
Dog,Jackson Baines Hardin,Jackson,14,Shepherd mix
Cat,Tali'zorah vas Normandy,Tali,9,LaPerm
Dog,Rudy,Rudy,12,Black lab
Guinea pig,Teddy,Teddy,3,Unknown
Dog,Chuchi,Baby Chu,9,Toy poodle
Dog,Belle Silver,Bobo,3,Brittany
Fish,Fish,Swish,7,Goldfish
Dog,Phoebe Buffay,Phoeb,4.5,Staffordshire Terrier
Dog,Precious Presley,Presley,1,Lab mix
Cat,Boots,Fuckoff,10,Black cat
Dog,Sarah Jessica Parker,Parker,8,Beagle
Dog,Princess Leah,Leah,8,Miniature schnauzer
Cat,Zeus,Zeus,2,Unknown
Dog,Mr Duke of Carol Stream,Booboo,10,Labrador retriever
Dog,Bruno Mars,Bruno,4,Shi Tzu mix
Cat,Persephone,Persey,2,Unknown
Dog,Reggie,Reg,8,Border collie
Cat,Momo,Momo,9,Domestic short hair
Dog,Twixie,Gooben,2,Heinz 57
Dog,Kody,Kode,10,Golden retriever
Dog,Maverick Clinton,Maverick,10,Labrador retriever
Cat,Abbey Road,Abbey,3,Domestic long hair
Cat,Naga,Naga,6,Domestic short hair
Dog,Sven,Bean,5,German shepherd
Dog,Lola,Lola,11,Poodle mix
Dog,Sophie,Sophie,2,Rottweiler
Cat,Stinky Pete,Pete and/or Stinky,18,Just a regular cat
Cat,Gozer,Gozey,12,Black cat
Dog,Lily Potter,Lil,2,German shepherd
Dog,Dougie McFly,Dougie,11,Cairn terrier
Dog,RileyRoo,Riley,2,Mutt
Dog,Dobby,Boober,4,Pembroke welsh corgi
Cat,Sir Edward Julius Robert Kittybutt III,Eddie,16,Tiger cat
Fish,Chu-chu,Chu-chu,Deceased,Ranchu
Dog,Lando,Lando,5,Bernese mountain dog
Dog,Tucker Paul,Tuck,6,Pit bull mix
Dog,Schnitzel Von Krumm,Ninnel,11,Miniature dachshund
Dog,Wrigley,Wriglry pigley,13,Beagle
Dog,Wally,Wal,0.3,Golden retriever
Dog,Snickers,Doodle,11,Beagle
Dog,Charlie,Charlie,9,Cockapoo
Dog,Pepper,Pep,0.8,Cocker spaniel
Dog,Brownie,Brownie,13,Beagle
Cat,Maow,Kitkat,14,Unknown
Dog,Echo,Beck,3,Chihuahua/yorkie mix
Dog,Banky,Banky,10,Basset hound
Dog,Koda,Koda,6,Chihuahua
Dog,Clifford,Cliff,6,Labrador Mix
Dog,Coco,Coco Bear,7,Morkie
Dog,Charlie,Charlie,8,Pit bull mix
Dog,Mojo,Moj,5,Chiweenie
Horse,Wizarding Wonder,Wizwo,12,Shire x TB
Dog,Hank,Hank,2,Boxer mix
Horse,Thunderhawk,Thunder,21,Spanish mustang
Dog,Sebastian,Fritz,15,Italian greyhound 
Horse,Cielo,Piglet,4,Unknown
Cat,Bebop Vincent,Beebs,5,Domestic short hair
Horse,Thalia,Thalia,4,Unknown
Horse,Morganna la Fey,Morganna,15,Unknown
Cat,Maja,Maja,14,Grey
Dog,Hank,Hanky,2,Labrador
Dog,Ella,Ells Bells,14.5,Cocker spaniel
Dog,Frappuccino,Frappie,7,Labradoodle
Horse,Texas Pony Smoke,Monster,2,Unknown
Dog,Gracie,Grace,12,Shi Tzu mix
Horse,Khan,Khan,3,Spanish mustang
Dog,Phoebe,Phoebe,2,Goldendoodle
Dog,Uma Strawn McGuire,Uma,4,Golden lab mix
Dog,Buster,Boop squared,13,Terrierist
Horse,Reno,Reno,Unknown,Unknown
Cat,Sketchy Missouri,Sketchy,12,Tortie cat
Dog,Eva Marie,Eva,3,Chihuahua
Horse,Boogieman,Boogie,5,Unknown
Dog,Mia Hamm,Mia,11,Golden retriever
Cat,Charlie,Charile,18,Tabby cat
Dog,alia atreides,Allie,5,Mutt
Horse,Legacy,Legacy,15,Unknown
Horse,Mambo no. 5,Mambo,2,Spanish mustang
Cat,Zoey,Zoe,4,Unknown
Dog,lexie,lex,0.8,Golden retriever
Horse,Mato Ma‚Äôhu‚Äôi,Mato,2,Unknown
Dog,Bernard,Bernard,5,Boxer
Horse,Starflower‚Äôs Jezebel,Jezebel,4,Spanish mustang
Cat,Jenna Nicole Rhea Lopez Horn,Jenna Jenna,8,Unknown
Dog,Myles - his roman name is Squirtacus Mylonius,Myles,10,Cockapoo
Horse,Diamond Lily,Lily,7,Unknown
Dog,Millie,Millie,9.5,Shepherd mix
Horse,Gypsy Rose Lee,Gypsy,6,Unknown
Fish,Butters,Butters,0,Goldfish
Dog,Bodhi,Bo,6,Golden retriever
Dog,Mooch,Mooch,9,Terrier mix
Dog,Piper,Pipes,4,Woodle (wheaton terrier/poodle)
Cat,Ramona,Ramona,12,Unknown
Dog,Charles,Charlie,10,Corgi
Horse,Morning Glory,Glory,Unknown,Unknown
Dog,Willow,Willow,3,Sheepadoodle
Horse,Morning Mist,misty,Unknown,Unknown
Dog,Glamis Schedule K1,Kona,5,Golden retriever
Dog,Bandit Raye,Bandi,12,Farm dog
Horse,Syndicated Copper,Copper,Unknown,Unknown
Cat,Cleo,Cleo,13,Orange tabby
Cat,Sebastian Ninja Nutjob,Sebastian,11,Domestic short hair
Dog,Anderson,Andy,12,Lab mix
Dog,Mars Harambe,Pickle,3,Catahoula mix
Dog,Claudio Atlas Wolfric,Claudio,8,Dachshund
Rabbit,Flufy,Flufy,10,Lionhead
Dog,Lawson H Dog,Hogan,16,Briard
Cat,Smudge the Second,Deuce,4,Himalayan
Dog,Tucker,Tucker,1,Bully mix
Cat,Echo,Echo,18,Unknown
Dog,Ames,Ames,5,Husky
Dog,Franc,Franc,0.3,Mastiff cross
Cat,Winnie,Winnie,0.3,Unknown
Cat,Tiggy,Unknown,0.3,Unknown
Dog,Oliver Jackson,Oliver/Baby/Little Man,5.5,Morkie
Dog,Dolly Doodle Dogger,Dolly,6,Labradoodle
Cat,Ann Perkins,Ann,0.5,Mixed
Dog,Cassie,Cassie,5,Mixed
Cat,Kisa Marie,Kisa,6,Unknown
Dog,Logan,Logan brogran,2,Rhodesian ridgeback
Dog,Basil,Basil,7,Lab/German Shepard mix
Dog,Marble,Marble,5,Coonhound
Dog,Hollie,Hollie,14,Westie
Dog,Cash Money,Cashie,2,Labrador retriever
Dog,Seamus,Shamie Bameee,11,Rhodesian ridgeback
Cat,William Robert,Billy,3,Unknown
Dog,Nash,Nash,2,Labrador retriever
Cat,Spoons,Spoons,3,Calico
Cat,Arizona,Arizona,7,Domestic short hair
Dog,Sian Ben Ryan,Sian or Sisi,14,Westie
Dog,Bear 2,Bear,7.5,Retriever Mix
Cat,Banjo,Banj,3,Orange tabby
Chinchilla,Fossedini Heraldo Macduff,Fosse,10,Unknown
Cat,Princess Melanie,Melanie,5,Domestic long hair
Cat,Tiffany Marie,Tiffany,13,Orange tabby
Dog,Charles Barrath McIntyre,Barry,6,Basset hound
Dog,Margeurite Larioux Gonzales,Maggie,6,Chihuahua-Lab
Dog,Rusty,Rusty,2,Fox red lab
Dog,Starfire,Star,15,Maltese poodle
Dog,Nova,Nova,Unknown,Mixed
Dog,Dinty,The Dint,5,Terrier mix
Cat,Hamilton,Hammy Bits,3,Unknown
Dog,Kadie Jo,Kadie Jo,6,Labrador retriever
Cat,Incandenza,Ink,3,Unknown
Cat,Fitzgerald,Fitz,8,Domestic short hair
Cat,Zelda,Zelda,8,Domestic short hair
Dog,Daisy Duke,Daisy,4,Siberian husky
Guinea pig,Stewie,Stewie,2,Unknown
Dog,Sunny Sunday Sky,Sunny,15.5,Beagle
Guinea pig,Francisco,Cisco,2,Unknown
Horse,Dream On Chip,Diva,15,Appaloosa
Dog,Bailey,Bailey,3,Border collie cross
Horse,Tundra,Tundra,12,Mixed
Dog,Bosco Spaghettio,Bosco,9,Border collie cross
Cat,Agnes Marie,Aggie turd,2,Unknown
Dog,Tansei,Duffus,7,Shi Tzu mix
Cat,Edith,Eduf Monster,1,Unknown
Cat,Mini,Mimi,13,Tuxedo
Cat,Theodore,Ted,4,Persian
Dog,Molly,Molly,16,Golden retriever
Dog,Duke Dukington,Duka,3,Chihuahua mix
Cat,Oliver Newton,Ollie,4,Maine coon
Dog,Prince Phillip the 2nd,Phillip,12,West Highl
Cat,Starla,Starla,4,Domestic short hair
Dog,Petey,Petey poopoo head,11,West highl
Dog,President Nixon,Nixy,8,Mixed
Dog,Daisy Doodle Fat Kid with Butt Spots,Daisy,4,Hound x
Dog,Benry of Willowbrook,Benry,8,Golden retriever
Dog,Qoda,Qoda,2.5,Golden retriever
Dog,Ziggy Starsog,Zig,1.5,Hound x
Dog,Samuel Labrador,Sam,13,Labrador
Hamster,Princess Consuela Banana Hammock,Banana,Deceased,Unknown
Dog,Bentley Boy,Bentley,13,Shi Tzu mix
Dog,Taco Belle,Taco,Unknown,Taco
Dog,Pluto,Pluto,Deceased,Golden retriever
Hamster,Scooter Computer,Scooter,2,Unknown
Dog,Toby,Toby,6,Beagle mix
Dog,Harlee,Harlee,3,Anatolian Shepherd
Dog,Nessa,Nessa,1,Golden retriever
Dog,Biscuit Bandit,Bandit,3,Labrador
Cat,Sophie,Fuzzbutt,2,Unknown
Dog,The Real Slim Sadie,Sadie,1.5,Golden retriever
Dog,Quincy Sugarplum,Quincy,3,Golden retriever
Dog,Skipper Doo,Skip,4,Yorkshire
Dog,Sam Ruffalo,Sam,6,Golden lab mix
Dog,Brutus Buckeye,Brutus,Deceased,Golden retriever
Dog,crespo,crespo or baby üòÇ,12,shihtzu 
Dog,Rossignol,Rozzie,Deceased,Siberian husky
Hamster,Peaches,Peaches,3,Unknown
Dog,Pepper,Pepper,4,Mixed
Dog,Amaya,Maya,6,Siberian husky
Cat,Eloise,Ellie,10,Unknown
Cat,Olive,Ollie,4,Unknown
Cat,Kiki Buntain,Kiki,18,Mutt
Dog,Tiger,Tiger,12,Unknown
Dog,Bonnie,Bonnie,8,Westie
Dog,Abby,Abby,11,Cavalier king charles spaniel
Gecko,Gomez,Gomie,10,High yellow leopard gecko
Dog,Cooper,Coop,7,Labrador
Dog,Chase,Chase,3,Husky mix
Hamster,Steve Hammond,Steve,0.3,Russian campbell
Dog,Riley Jenkins,Riley,1.5,Golden retriever
Dog,Montgomery T Dog,Monty,2,Dalmatian
Dog,Nana Roo,Nana,5,German shepherd
Cat,Ella Grey,Ella,7,Unknown
Dog,Callie,Cal Gal (the golden),3,Golden retriever
Dog,Rocco Norbert,Rocco,10,Golden retriever
Dog,Jack,Jack,3,Unknown
Dog,Ted,Ted,0.5,Welsh Terrier
Snake,Desiree,Desiree,11,Rosy boa
Dog,Jaida Lynn,Jaida,12,Black lab
Snake,Gaia,Gaia,10,Dumeril‚Äôs boa
Dog,Daisy Lulu,Daisy,9,Toy poodle
Cat,Phillip,Phillip,16,Unknown
Cat,Sunni,Sunni,10,Birman
Cat,Nymeria,Nym,5,DMH
Cat,Scarlett,Scar,9,Unknown
Cat,Ink,Ink,0.5,DMH
Cat,Drew,Drewbeans,7,Unknown
Dog,Titus,Titus,7,Lab
Cat,Midna,Midna,8,Orange tabby
Dog,Cookie Asparagus,Cookie,11,Chihuahua Jack Russell Terrier
Dog,Tessa Leigh,Tessa,11,Labradoodle
Dog,Ali,Ali,5,Greyhound
Dog,Daisy,Daisy/Dandelion,4,Lab mix
Dog,Lucky,Luck luck,5,Lab
Cat,Rex,Rex,7,Maine coon
Dog,Harper Jean,Harper Jean,1.5,German shepherd
Cat,Maverick,Maverick,2,Unknown
Hermit crab,Rork,Rork,2,Unknown
Cat,Tina Fay,Tina,6,Unknown
Cat,Sophie,Sophie,4,Orange tabby
Dog,Max-well,Max,6,Golden retriever
Dog,Mica,Mica,6,Lab mix
Cat,Patches,Patches,10,Tuxedo cat
Cat,Asch,Asch,4,Orange tabby
Rat,Yuri,Yuri,1,Rat
Rat,Ravio,Ravio,1,Rat
Dog,Sylvester Balboa,Sly,6,Golden retriever
Dog,Mia Roo,Mia,11,Australian shepherd
Dog,Casper Tiberus,Casp,4,Mixed
Dog,Chummy,Chumbles,5,Labradoodle
Dog,Luna Bean,Luna,7,Italian greyhound and jack russell
Gerbil,Brown Gerbil,Brown Gerb,2,Gerbil
Cat,Gabby Comacho,Cho Cho,16,Domestic short hair
Gerbil,White Gerbil,White Gerb,2,Gerbil
Dog,Sofie Tooter Scooter,Sofie,7,Chihuahua
Dog,Mojo,Mojo,5,Labradoodle
Dog,Grace,Grace,1,Mixed
Cat,Misha,Misha,8,Tabby cat
Dog,Frankie,Frankie,1,Mixed
Guinea pig,Dollar dollar bills y'all,Bill,2,Guinea pig
Dog,Osa,Osa,9,Akita husky mix
Dog,Dixie,Dixie,12.5,Pit bull mix
Cat,Barnabas,Bucky,0.9,Mixed
Dog,Nina,Nina,7,West highl
Cat,Bitsy,Bitsy,15,Domestic short hair
Dog,Rachel,Rachel,8,Schnauzer
Dog,Piper,Piper,9,Labrador retriever
Dog,Bella,Belly,10,Yorkshire
Dog,Queen Khaleesi,Queenie,12,Mountain Dog mix
Cat,Pumpkin,Pumpkin,6,Unknown
Dog,Bridget,Bridgy,15,Mutt
Dog,Bodacious,Bodie,14,Black labrador retriever
Dog,Mama Rose,Rosie,7,Pit bull mix
Dog,Augustus,Gus,8,Golden retriever
Cat,Sunshine,Sunshine,7,Unknown
Dog,Tater,Tater,0.3,Labrador & great pieraneese
Cat,Millicent,Millie,6,Unknown
Hedgehog,Gustavus Ericius Hedgehog of the North,Gus,1.5,Unknown
Dog,Beverly Ann,Beverlana,13,Golden retriever
Dog,Cora Smalls,Cora,3,Havanese
Dog,Jasper,Jasper,16,Dalmatian
Cat,Dust,Dust,1,Unknown
Dog,Caleb,caliber,1.5,Blue tick coon hound
Dog,Tonka,Tonks,8,Newfoundl
Bird,Spike,Spiker-doodle,13,Cockatiel
Cat,Ash,Ashy boy,9,Unknown
Cat,Blossom,Moose,6,British long hair
Cat,Violet,Violet,14,Short haired
Cat,Thor,Thor,4,Unknown
Dog,Hank,Baby,2,Boxer
Dog,Brandy,Puddin,5,Lab/pitbull mix
Cat,Lily,Lillibutt,11,Short haired
Dog,Sir Squeaksalot the Second,Twoie,9,Chinese Crested Powder Ouff
Cat,Buddy,Buddy Boi,4,Short haired
Dog,Colby Jack,Jack,5,German shepherd
Dog,Cooper,Coop,0.1,Labradoodle
Dog,Murphy,Murph,1,Goldendoodle
Dog,Phineas,Unknown,7,irish soft-coated wheaten terrier
Dog,Peach,Peach,2,Mixed
Dog,moose alexander,Moose,0.7,Maltipoo
Cat,eliza goose,eliza,2,Grey
Guinea pig,Nibbles,Nibsey,5,Short haired
Cat,Chichi,Chichi,9,Tabby cat
Cat,Isabella,Izzy,4,Unknown
Dog,Ruby,Ruebs,6,Rhodesian ridgeback
Dog,Ruby,Ruby,4,Labrador retriever
Dog,Min Ottende Bold,Otte,9,Black labrador retriever
Dog,Min fine Nimina Beana,Mina,6,Labrador
Dog,Lucy,Lu,3,Great pyrenees
Cat,Belvedere,Biff,16,Short haired
Cat,heaven,Kitty,8,Tortie cat
Dog,lucy lu,luey,4,Basset hound
Dog,Katniss Underfoot,Katniss,9,Pit bull mix
Dog,Sadie,Sayd,13,Border collie
Dog,Coco  Chanel mademoiselle,Coco,5,Golden retriever
Dog,Maggie,Mags,8,Border collie
Dog,Gunner baker,Gunner,12,Lab
Rabbit,Lady Sybil,Lady,1.8,Holl
Cat,Ashley Williams,Ash,8,Maine coon
Dog,April in Paris,Paris,6,Golden retriever
Bunny,Colby,Unknown,3,Unknown
Cat,Mister,Mister,2,American short hair
Cat,Goku,Tutu,2,Unknown
Fish,Miles,Miles,5,Goldfish
Cat,Fuzzball,Fuzzybutt,10,American short hair
Dog,Felix,Felix,2,Unknown
Cat,Benjamin,Ben,14,Unknown
Dog,Woodruff,Woody,10,Saint Bernard/Cocker Spaniel
Cat,Tibby,Tib or Monster,3,Unknown
Dog,Kitty take your gloves off,Reba,8,Golden retriever
Cat,Honey,Honey,7,Tabby cat
Dog,Mulligan,Mull,12,Golden
Dog,Loki,Loki aka goof ball,0.7,Golden retriever
Dog,Okemo,Okemo,8,Australian shepherd
Dog,Beau,Beau,1.5,Golden lab mix
Cat,Lucy,Lucy,6,Unknown
Dog,Zack attack,Zack,10,Golden retriever
Dog,Kendall,Kendall,4,Hound lab mix
Dog,Bailey,Bailey,1,Lab/pointer
Dog,Ranger,Ranger,11,German shepherd
Dog,Dan,Dan,12,Basenji Mix
Dog,Sir Maximillion of Binghamton,Max,10,Golden retriever
Dog,Freya,Freya,3,Pointer
Dog,Jackson,Jax,14,Golden lab mix
Dog,Kurama,Kdog,3,Unknown
Dog,Luchik,Luchik or Luci,5,White German Shepherd-Husky
Dog,Pippi Hyde,Pippi,11,Cocker spaniel
Cat,Scarlet,Purrincess Kitty,13,Domestic short hair
Dog,Pearly,Pearl,5.5,Husky mix
Cat,Sebastian,Monkey,12,Domestic short hair
Dog,Walter,Walty,6,Spaniel Mix
Cat,Reeses Pieces,Reesie,2,Domestic short hair
Dog,Buddy of Bailey's Irish Cream,Buddy,11,Black lab
Dog,Belle,Belle,15,Golden retriever
Cat,Sushi Roll,Sushi,1.5,American Bobtail
Dog,Zoe Marie,Zoe,6,German shepherd
Dog,Wilson,Wilson,4,Lab mix
Cat,Mochi,Mochi,1.5,American Bobtail
Dog,Reesie,Reesie,14,Yorkshire
Cat,Sasuke,Sasuke,6,Mixed
Cat,Sasuke,Sasuke,6,Mixed
Dog,Bocephus Ray,Bo,6,German shepherd
Dog,Gunner,Gunny,5,Labrador
Dog,Stella,Stella,12,Daschund mix
Dog,Bailey's Irish Cream,Bailey,13,Black Golden Retriever (GR/choc lab)
Cat,Abigail,Abby,8,Siamese
Dog,Poppy,Pops,16,Jack russell
Dog,Nina,Beans,12.5,Flat Coated Retriever
Cat,Boris,Boris,3,Spinx
Cat,Smoochey,Moo moo cow/ moochey,18,Domestic short hair
Cat,Toast Malone,Toast,5,Unknown
Cat,Hex,Hex,8,Unknown
Cat,Smudge of Grey,Smudge,7,Unknown
Dog,Charlotte,Char,4,Beagle/Jack russel
Dog,Ms. Cuddles,Cuddles,13.8,Chiffon (Shih Tzu/Brussels Griffon)
Dog,Wayne Rooney,Roo,13,Border collie
Dog,Snack,Snack,2,Rottweiler mix
Cat,Skipper,Skips,16,Unknown
Cat,Nacho Bell Grande,Bean,1,Unknown
Dog,Hazel,Zelly,3,Golden retriever
Dog,Luna Calamity Barnes,Luna,9,Mutt
Dog,Hiro Barnes,Hiro,5,Mutt
Dog,Ramsey,Ramsey,0.3,Labrador
Dog,Stella Diane,Stella,6,Havanese type mix
Dog,Trigger,Trig,4,Labrador retriever
Cat,Noodle,Noodle,3,Calico/domestic shorthair
Dog,H√©lo√Øse,H√©lo√Øse,0.8,Papillon mix
Dog,Scout McGee,Scout,12,Spitz
Dog,Milo,Milo,2,Golden retriever
Dog,Kolbie,Kolbie,10,Beagle
Dog,Rhyannon's Princess Nikita,Nikki,10.5,Siberian husky
Cat,Scram,Scrammies,2,Domestic medium hair
Cat,Darwin,Cat,7,Unknown
Cat,Leo,Leo,16,Unknown
Cat,Kanga,Kanga,4,Calico/Tabby
Rabbit,Winona,Winnie,2,Unknown
Cat,Bugaloo Bonzai,Bug,7,Unknown
Dog,Malcolm P. Dog,Malcolm,17,Mixed
Dog,Maxwell T. Bone,Max (Alias: BrownDog),11,Chocolate labrador
Cat,Patches,Patch,8,Unknown
Dog,Indy,Indy,8,Poodle mix
Dog,Cody Fluffball,Cody,11,Golden retriever
Dog,Fudge,Fudgie,6,Pug
Dog,Mia,Mia,13,Golden retriever
Cat,Louie,Louie,4,Unknown
Cat,Mitzi Junebug Kandinsky,Mitzi,8,Unknown
Dog,Megan Gabriela Ortega,Moo,11,Boxer
Cat,Bernie,Bernie (Bernard if naughty),2,Domestic long hair
Dog,Bel,Bel,7,Cocker spaniel
Dog,Artie,Artie Party,14,Golden retriever
Dog,Snickers,Snickers,9,beagle/german shepherd mix
Cat,Hazel,Hazel,4,Domestic short hair
Dog,Blue,Blue,7,Blue heeler
Dog,Wally,WaWa,2,Golden lab mix
Dog,Copper,Copper,10,Chihuahua mix
Cat,Harold,Harry,0.1,Cat
Lizard,Birdie,Baby liz,7,Unknown
Cat,Sir Jonathan Pooh Cat,Jonathan,10,Persian
Dog,Juliet,Jules,2,Pit bull mix
Cat,Scout,Scout,9,Tabby cat
Dog,Dasher,Dash,8,Spanador
Dog,Grace,Gracie,5,Labrador retriever
Dog,Ruby,Ruby,12,Mutt
Bird,Nugget,Nugget,2,Ringneck Dove
Dog,Levi,Lee,6,Australian shepherd
Dog,Elle Loki Bean,Bellie,1,Boxer mix
Dog,Dorthea Dix,Doge,5,Golden retriever
Dog,Layla Bo Peep,Layla,0.3,Beagle
Dog,Rocky,Rocky,12,Beagle mutt
Dog,Tillith,Tilly/TillBear,8,Hound mix
Dog,Rollo,Rollo,3.5,Labrador
Dog,Nisku,Nisku,2,G-shep mix
Cat,Cat,Cat,8,Domestic long hair
Cat,Peaches,Peaches,5,Persian
Dog,Sadie Jo,Sadie or Tato,5,Labrador
Dog,Lady,Lady,9,Bernese mountain dog
Dog,Sammy Q,Sam,10,Golden lab mix
Cat,Cookie,Cookaroo,9,Siamese mix
Cat,Pepper,Bebs,4,Tabby mix
Cat,ipod,ipod,12,Unknown
Cat,hank the cowcat,Hank,12,Unknown
Dog,Oliver Phish,Oliver,2,Pit bull mix
Dog,Cleopatra,Cleo,6,Italian mastiff
Dog,Birdie,Birdir,1,Labradoodle
Dog,Murphy,Murph,0.6,Golden retriever
Dog,Ryder,Ryder,14,Labrador mix
Dog,Talani Snowmageddon,Milo,0.4,Golden retriever
Dog,Winnie the Blue,Winnie,0.9,Pit bull mix
Dog,Scarlett,Scarlett,0.3,Cavalier king charles spaniel
Dog,Gus,Gus,11,Golden retriever
Dog,Dixie Marie,Dixie,8,St. Bernard
Dog,Heidi,Heidi,2,St. Bernard
Dog,Phin,Phin,2,St. Bernard
Dog,Jager,Jager,12,Labrador retriever
Dog,Brown Bear,Bear,7,Unknown
Dog,Lucy,Lucy,4,Golden retriever
Dog,Kahlua,Chicky-chix,0.8,Mutt
Cat,Epinephrine,Epi,9,Mixed
Dog,Baylei,Stinky,1,Silver lab
Dog,Baylei,Stinky,1,Silver lab
Cat,That Cat,T.C.,9,Mixed
Dog,Rocky,Rocky,5,Pit bull mix
Bird,Buddy Ryan,Buddy,12,Unknown
Dog,Abigail,Abby,4,Pit bull mix
Dog,Kira,Kira/Squishy,15,Beagle
Dog,Sammy,Sam,6,Golden lab mix
Dog,Piper Marie,Piper,4,Newfoundl
Dog,Charlene,Charlie,12,Lab mix
Dog,Thor Mighty God of Thunder,Thor,9,dachshund mix
Dog,Cody Anne,Cody,2,Golden retriever
Cat,Caesar,Jeff-jeff,9,Unknown
Dog,Tessa,Tessa,11,German shepherd
Cat,Theia,Kitty,11,Domestic long hair
Cat,Minerva Mcgonagall,Minna,5,Tabby cat
Dog,Lily,Lily,10,Shepherd mix
Dog,Butters,Butters,9,Shepherd mix
Dog,Marigold,Marigold,8,Heinz 57 mutt
Dog,Prince Romeo,Romey,8,Miniature Pinscher
Cat,Teacher‚Äôs Pet,Teeps,2,Unknown
Cat,Wimpy,Wimpy,2,Unknown
Cat,Lucy,Lucy,2,Unknown
Dog,Snickers the First,Snickers,6,Yorkshire
Dog,Lucky,Lucky,3,Lab/blue heeler/mixed breed
Dog,Ares,Ares,8,Olde English Bulldog
Cat,Skylar,Sweet boii,3,Unknown
Dog,Maximillian,Max,13,Golden retriever
Dog,Rogue,Rogue,6,Border collie/weimerheimer/mixed breed
Cat,Sweety,Sweety,Unknown,Domestic long hair
Cat,Benny,Ben,4,Domestic short hair
Dog,Ace,Unknown,1,American Hairless Terrier
Dog,Ava,Unknown,4,American Hairless Terrier
Dog,Winnifred,Winnie,6,Shi Tzu mix
Dog,Mika,Mika,8,Pit bull mix
Dog,Charlie Elizabeth Begonias,Charlie,5,Labradoodle
Dog,Jack Ass,Jack,5,Border Collie Australian shepherd mix
Cat,Bean,Cat,7,Unknown
Cat,Skipps,Skipper,1,Unknown
Cat,Carly Q Cat,Carl,5,Unknown
Dog,Dan,Digger,13,Pug
Dog,Koko,Koko,4,French bulldog
Dog,Archibald,Archie,2,Golden retriever
Dog,Sassie,Sassie,19,Poodle mix
Dog,Zoe,Zoe,12,Shi Tzu mix
Dog,Bo Bo,Bobes,10,Mutt
Cat,Sofi,Sofi May Bofi,2,Calico
Dog,Isiah Thomas,Izzy,0.3,Maine coon
Dog,Sir Pete the Pup,Pete,12,Chihuahua
Dog,Roux Stir,Roux,8,Catahoula mix
Dog,Lucy Scramble,Lucy,5,Boxer
Dog,June Bug,June Bug,10,Shepherd mix
Dog,Crinkle,Crink-a-dink,7,Rhodesian ridgeback
Dog,Smokey,Spooky,14,Mutt
Dog,Daisy May,Daisy,3,Lab mix
Dog,Crimson,Crimson,9,Beagle & Lab/German Shepherd mix
Dog,Tide,Tide Dog,9,Beagle & Lab/German Shepherd mix
Dog,Sophie,Sophie,10,Lab & Jack Russell Mix
Dog,Sir Nigel Petrie of the Poofybottom Clan,Nigel,12,Pomeranian mix
Dog,Tobi,Bobo,10,Newfoundl
Dog,Bruin,Bru,7,Golden retriever
Dog,Lucinda Jean,Lucy,1,Golden retriever
Dog,Dave,Dave,4.5,Golden retriever
Dog,Harper Valley,Harper,0.3,Dachshund
Cat,calleigh Marie,Calleigh,14,Orange tabby
Dog,Buster Brown,Buster,11,Mutt
Fish,√òptifish,√òptifish,0,Goldfish
Dog,Leila,Leila!!,5,Pointer
Dog,Trixie,Trixie Treat,3,Golden retriever
Dog,Archer,Archibald,9,Lab mix
Dog,Josie Pancakes Fluffybottom,Josie,8,Heinz 57
Cat,Tiger Jack,Jack,6.8,Tabby cat
Cat,William Orange,Willie,6.8,Tabby cat
Dog,Zeus,Zu,1.5,Great Dane
Dog,Shooter,Shooter,8,Blue heeler
Dog,Ellie,Ellie,8,Labrador
Dog,Macie,Mace,8,Golden
Dog,Maddie,Bubbis,17,Shi Tzu mix
Cat,Motown,Mo,8,Domestic long hair
Fish,Spot,Spot,0.5,Betta fish
Dog,Squirt,Squirt,7,Bulldog
Dog,Samantha Marie,Sammie,8,Mutt
Dog,Quincy,Quincy,5,Chihuahua mix
Dog,Cajun,Cajun,6.5,Golden lab mix
Dog,Duke,Dukie Doo,3,Pit bull mix
Dog,Daisy,Daisy Dee,3,Pit bull mix
Dog,Nico,Nico,4,Pug
Dog,Chance McCoy,Chance,10,Golden retriever
Dog,Kobi,Kobi,11,Pit bull mix
Dog,Maila,Maila Moose,1,South African Mastiff
Horse,Domino,Dommi,6,Paint
Dog,Phineas,Phin,3,Lab
Dog,Cody,Vody,20,Labrador retriever
Dog,Perry,Perry,3,Lab
Chicken,Gregory Peck,Greggie,2,Bantam Cochin
Dog,Call it a night Sir Dudley,Dudley,5,Golden retriever
Dog,Madison Brooke,Maddy,7,Foxhound
Cat,Pandors,Pandora,10,Unknown
Dog,Like Francis,Luke,8,Treeing Walker Coonhound
Cat,Bo Bo,Bo,4,Unknown
Cat,Zooey,Zooey,8,Unknown
Cat,Mollie,Mollie,2,Evil
Cat,JJ,JJ,0.5,Unknown
Cat,Jenson Button. (Last name pronounced Boo Tawn),Boo Bear,8,Mixed
Dog,Pilikia,Pili,14,Chihuahua
Dog,Mia Pieper,Mia,3,Black lab/ greyhound mix
Cat,Nova Blake,Nova,1,Tabby cat
Dog,Pepper Potts,Pepper,6,Golden retriever
Dog,Scruffy,Scruffy,Deceased,Mutt
Cat,Nikolai Maranov,Mr. M,12,Maine coon
Cat,Django,Django,16,Tuxedo cat
Dog,Princess Jessi,Jessi,7,Unknown
Dog,Mowgli,Unknown,1,Lab
Dog,Wille,Willie,8,Unknown
Dog,Otto,Otto,1.5,Doberman/Basset Hound
Cat,Momma Martha,Martha,5,Orange tabby
Dog,Optimus,Opti,7,Maltese
Dog,Memphis Mumford,Memphis,2,Cane Corso Mastiff
Cat,Antoine,Toine,8,Tabby cat
Dog,Louie,Louie,6,Lab/bloodhound mix
Cat,Hunter Pounce,Caracat,8,Short haired
Dog,Anna,Anna,5,Unknown
Dog,Chester,Chester,13,Nova Scotia Duck Toller
Dog,Zeus Theodore,Zeus,7,Schnoodle
Dog,Ripley,Ripley,13,Golden retriever
Dog,Beau,Beau,4,Goldendoodle
Dog,Lucy,Lucy,9,Golden retriever
Dog,Penelope,Penny,3,Maltese
Dog,Callie,Cal,4,Golden retriever
Dog,Jake,Jakey poo poo head,2,Goldendoodle
Dog,Willie,Willie,2.5,Lab mix
Dog,package,package,1,Dalmatian
Cat,Algernon,Algy,11,Unknown
Cat,Pickles!,Pickles or Pumpkin or Cutie Pie or Little Darlin,3,Tortie cat
Cat,jiblit,tiny jib,1,Unknown
Dog,Luna,Luna,5,Yorkshire
Dog,Delilah,Lila,4,Lab
Cat,Celie,Celie,7,Tabby cat
Cat,Sophie,Sophie,7,Tabby cat
Cat,Oliver Wendell Holmes,Oliver,9,Unknown
Dog,Josephine,Josie,4,Border Collie/Pit Mix
Dog,Russell D.,Rusty,9,Mutt
Dog,Excalibur Insubordinate O‚ÄôMallie IX,Cali,2,Golden retriever
Dog,Darth Vada Mae,Vada,7,Border collie cross
Cat,Felix,Felix,12,Domestic short hair
Dog,Butterscotch,Butters,10,Mutt
Dog,Emma Jean Jelly Bean,Emma,13,Shi Tzu mix
Cat,Binky,Binky,2,Domestic short hair
Cat,Sox,Sox,10,Domestic short hair
Dog,Rigby,Rigs,6,Boston terrier
Dog,Sir Scribbles Of the Shire,Scribbles,5,Shi Tzu mix
Cat,Herbert Fitzgerald,Bertie,3,Ragdoll
Cat,Gary,Gary,3,Tabby cat
Cat,Cassandra,Cassie,7,Siamese mix
Cat,Moose,Moose,0.2,Calico
Dog,Tele,Tele,11,Lab
Dog,Maggie,Pooper,14,Dachshund
Cat,Daniel,Daniel,16,Oriental Shorthair
Cat,Kitty,Kitty,16,Orange tabby
Dog,Daisy Mae,Daisy,11,Golden retriever
Dog,Bug,Bug,6,Jack russel mutt
Dog,Rayven,Ray,6,German shepherd
Dog,puppy girl,Puppy,4,Jack russell
Dog,beyonc√©,beyonc√©,2,Chihuahua
Dog,Pippa Mad,Pippa,2,Havanese
Dog,Tails Balboa,Tails,14,Chihuahua
Dog,Tara Balboa,Tara,6,Chihuahua
Dog,Mia,Mimi,1,Chihuahua
Dog,Slainte,Slainte,12,Chiweenie
Cat,Persephone,Persnuffy,11,Unknown
Cat,Piper,Pipes,1,Unknown
Cat,Belle,Tiny Kitten,12,Unknown
Cat,Nyx,Nyxapooski,8,Unknown
Dog,Clyde Frog the Dog,Clyde,3.8,Labrador
Cat,Baby Tiger,Tiger bub,11,Unknown
Cat,Havoc,BB,2,Unknown
Dog,Asher,Ashie,9,Golden retriever
Dog,Miley,Miley,13.5,Mutt
Cat,Tux,Monsieur Tux,2,Unknown
Horse,Paisley Desert Melody,Melody,7,Mustang (horse)
Dog,Suzie,Suzie,5,Chocolate labrador
Dog,Joshua,Joshie,9,Golden retriever
Dog,Kona Kai,Kona,2,Mutt
Cat,Simba,Simba,6,DSH (orange)
Dog,Charlie,Charlie,11,Boston Terrier x Pug
Turtle,Lucky,Lucky,Unknown,Desert tortoise
Cat,Duncan,Duncan,5.5,Unknown
Dog,Lucky,Lucky,4,Lab retriever
Dog,Lily Ann,Lily,3,Golden retriever
Dog,Robbie,Robbie,10,West Highl
Dog,Chance,Chance,4,Lab retriever
Cat,Mir Hector,Mir,11.5,Domestic short hair
Cat,Clover,Clo,Unknown,Unknown
Cat,Lacerta Grace,Laci,11,Domestic short hair
Dog,McGregor,Gregs,11,Scottish Terrier
Cat,Mosephus,Mo,Unknown,Unknown
Dog,Maggie,Mags,6,Corgi
Dog,Boo Radley Beauregard,Boo,5,Hound mix
Cat,Pictor James,Pictor,8,Lynx point Siamese
Cat,Yellowie,Old man,19,Unknown
Cat,Sylvio,Syl,14,Unknown
Dog,Jean Louise,Scout,2.5,Golden retriever
Cat,Cooper Kent DeGroat,Cooper/Tooper,1,Tuxedo cat
Dog,Java Joe,Joe,0.1,Corgi
Dog,Heidi hoho,Heidi,7,Rescue
Dog,Finlay Heisenberg,Finn,8,Shetl
Cat,Porkchop,Porkie,4,Rescue
Dog,Nala Belle,Nala,11,Golden retriever
Cat,Lila,Lielee,10,Domestic long hair
Dog,Matelin Paco Junior,Mate,9,Australian shepherd
Cat,Applesauce,Apple,2,Rescue
Dog,Eddie,Eddie,8,Chihuahua
Dog,Sir Thompson Squigglebutt,Tommy,7,Chihuahua
Dog,Miss Kasey Bubbles,Kasey,8,English Setter
Dog,Angel,Angel,9,Golden retriever
Dog,Loosie,Goose,15,Whippet
Bird,Ruby,Ruby,2,Parakeet
Dog,Sophie,Sophie,14,Whippet
Lizard,Robert,Robbie,1,Leopard gecko
Dog,Douglas,Douglas,10,Basset hound
Dog,Zoi,Z,1,English Setter
Cat,Menke,Menke,4,Manx
Dog,Jasper,Jasper,14,Whippet
Dog,Rupert,Roo,3,Basset hound
Dog,Spencer,Spence,10,Pointer
Dog,Sir Clyde Bootsie Sideeye,Clyde,11,Chihuahua
Dog,Daisy Mae,Daisy,7,Goldendoodle
Dog,Teddy Bear,Teddy,11,Chow chow/Australian Shepard
Dog,Edward Gene,Eddy,15,Golden retriever
Dog,Peaches Monroe,Peaches,4,Jack russell terrier
Dog,Sir Nicholas,Nick,9,Corgi/jack russell
Dog,Eowyn,Eo,13,Shi Tzu mix
Dog,Jayden,Denden,8,Shi Tzu mix
Dog,Joey,Jo,1,Golden retriever
Dog,Walker Texas Ranger,Wally,1,Labrador Mix
Dog,Mike Mussina,Moose,1,Labrador Mix
Cat,Azuca,Zucchini,8,Unknown
Cat,Lady Bluebelle,Bluebelle,16,DMH
Dog,Demon Deacon,Deke,13,Golden retriever
Dog,benny the tiny von hudehoff,Benny,5,Yorkshire
Dog,Jacky,Jack,3,Golden retriever
Dog,Gigi,Gigi,10,Golden retriever
Dog,Liontamer‚Äôs Nelson M Mandela,Nelson,2,Rhodesian ridgeback
Dog,Toby,Toby,12,Golden retriever
Dog,Sugar,Sugar,13,Mixed
Cat,Rey,Rey,2,Unknown
Dog,Mackley,Mackey,4,American Bulldog
Cat,Gordon BaNarNar,Gordon,6,Tabby cat
Dog,Sugar,Sugar,5,Golden retriever
Dog,Minnie,Minnie,10,Min pin
Dog,Meeko letang,Bubby,3,Rough collie
Cat,Mephistopheles,Felix,11,Orange tabby
Dog,Oddjob,Jobby,11,Beagle
Cat,River,River,8,Orange tabby
Dog,Charleston Wesley,Charlie,1,Goldendoodle
Dog,Shelby,Shelb,0.3,Mutt
Dog,Barracuda,Cuda,0.3,GSD Mix
Hamster,Lilapution Marie,Lilla,0,Unknown
Dog,Daisy,Daisy,5,Chocolate lab mix
Dog,Moose Van Haus Huenink,Moose,3,Rottweiler
Dog,Princess Bella Marie,Bella,11,Mini dachshund
Hamster,Turtle Dove,Turtle,0,Syrian hamster
Dog,Geno Stoneycreek Pugh,Beans,2,Rottweiler
Cat,Axel daxel,Axel,9,Domestic short hair
Fish,Michael Lee,Michael,0.9,Betta fish
Cat,Babe Ruthy,Babe,9,Domestic short hair
Dog,Sadie Mae,Sadie,6,German Shorthaired Pointer
Chinchilla,Stanley,Stan Bug,0,Unknown
Dog,Ruby Sue,Ruby,3,Blue tick coon hound
Bunny,Richard Fineman,Richie,4,Unknown
Dog,Zoey,Zoey/zozo,8,Golden retriever
Dog,Apollo,Apollo,10,Boxer
Dog,Petey,Pete,11,Lab mix
Cat,Scuto,Scutie,10,Burmese
Dog,Sadie Blue,Sadie,9,Border collie cross
Dog,Mira,Weetum,13.5,lab/greyhound
Dog,Ginger,Ginger,9,Staffordshire mix
Cat,Cookie Dough,Miss Dough,6,Cat
Tortoise,Kachu,Kachu,4,Unknown
Dog,Hairy Potter,Hairy,12,Smol terrier
Dog,Cricket,Crickita,Deceased,"Half schitzu, half long haired miniature dachshund"
Dog,Xenia Marie,Xenia,8,German shepherd
Guinea pig,Potato,Tot,3,Abyssinian Guineapig
Dog,Daisy Mae,Daisy,12,Cairn terrier
Fish,Mr. Moesby,Mr. Moesby,3,Goldfish
Fish,Helen,Helen,3,Goldfish
Dog,Skylar,Sky dog,15,Mini Aussie
Dog,Maybus Dogstoevsky,Maybe,11,Treeing Walker Coonhound
Dog,Kahlua,Louie,7,Mini Aussie
Cat,Foster,Foster,13,Domestic short hair
Cat,Reese,Reese,13,Domestic short hair
Dog,Maggie pie thatcher,Maggie,0.3,Blue lacy
Dog,Ashildr,Ashy,1,Boxer
Dog,Elsa,Stinky poo poo,Unknown,German shepherd
Dog,Belle,Stinky poo poo too,Unknown,Golden retriever
Cat,Mufasa,Mufasa,14,Yellow tabby long hair
Dog,Zeus,Zeusy,8,Jack Russel mix
Guinea pig,Niblet,Fat pig,4,Guinea pig
Dog,Molly,Miss Pants,6,Lab mix
Cat,Valerie Spaceship Pizza Party,Bubba,6,Domestic short hair
Hamster,Penelope,Penne,1,Syrian hamster
Cat,Peanut,Peenie paneenie,0.3,Calico
Cat,Jupiter,Monsieur Jups,6,Domestic short hair
Dog,Chip,Chippy,13.5,Labrador
Dog,Chewustuffer Asshole,Chewy,2,Golden retriever
Dog,Sailor Moon,Either Sailor or Moon,4,Newfoundl
Dog,Navigator‚Äôs Sipsey River PrinceS,Sipsey,11,Labrador retriever
Dog,Buddy,Bud,9,Border collie
Dog,Brown Butter Biscuit,Biscuit,12,Labrador retriever
Dog,Millie,Lil mil,13,Shi Tzu mix
Dog,Jonah,Jonah,5,Lab/Collie
Dog,Diggs,Diggs,9,Australian shepherd
Bird,Gudlaguba,guba,2,Unknown
Dog,Herman,Hermie,14,Dachshund
Cat,Isis,Isis,9,Domestic short hair
Dog,Datsyuk,Datsyuk,0.7,Shepherd mix
Dog,Nightwing,Nightwing,6,Lhasa Apso / Maltese
Dog,Isabella,Bella,5,German shepherd
Dog,Princess Buttercup,Princess,4,Lhasa Apso / Maltese
Dog,Sir Jake of Zoar,Jake,11,Labrador
Cat,Michael Theodore Wazowski,Mike,2,Fuzzball
Dog,Scout,Scout,6,King charles
Dog,Aluxe,Aluxe,14,Poodle mix
Dog,Brownie,Brownie,11,King charles
Cat,Catsby,Catsby,12,Domestic short hair
Rabbit,Clementine the Lemon,Clem,7,Unknown
Dog,Shelby May,Shelbs,6,Terrier mix
Dog,Mr. Henry Midas Darcy,Henry,7,Golden retriever
Cat,Hermes,Hermes,10,Unknown
Dog,Annie Reese,Annie,11,Husky/Corgi mix
Dog,Blackjack,Blackjack,3,Lab 
Cat,Dolly Madison,Dolly,11,American short hair
Cat,Franklin Roosevelt,Franklin,16,Siamese
Cat,Abby,Abby,2.5,Unknown
Dog,Jaden,Jaden,Unknown,Unknown
Dog,Sophie,Soph,9,Golden retriever
Cat,Elizabeth Bennet,Elizabeth,13,Domestic long hair
Cat,Amadeus,Booboo,13,Domestic long hair
Dog,Petey,Petey,11,Golden retriever
Dog,Jack,Jackson,11,Golden retriever
Dog,Bella,Bell,8,Beagle
Dog,Starsky Buford,Starsky,7,Foxhound
Dog,Beatrice,Trixie,5,Mexican black tailed
Dog,Quito,Kiki,4,Lab/APBT/Great Dane/GSD/Australian Cattle Dog/Rottweiler (Embark confirmed)
Dog,Wiggins,Wiggs,3,Black lab
Bird,Aretha,The broody one,1,Black star hen
Snake,Stanley,Stanley,1,Ball python
Dog,Bella,Smelly Belly,13,Weimaraner
Hermit crab,Golddigger,Goldie,Unknown,Australian
Dog,Maple,Mapie,0.4,Shi Tzu mix
Dog,Sara,Sara,7,Polish Tatra Sheepdog
Bees,Professor McGongall (the queen),Hogwarts (the hive),0,Unknown
Dog,Clementine,Clem,5.5,Coonhound
Dog,Ali May,Ali,12,Lab mix
Dog,Aspen,Ass-pen,3,Coonhound
Dog,Amber,Amber,2,German pointer
Guinea pig,Diego,Dego Bear,3,Unknown
Guinea pig,Linus,Linus,1,American guinea pig
Dog,Coquine,Ti-Chat,15,Maltese
Guinea pig,Colby,Colbs,3,Unknown
Dog,Medley May,Med head/big medley,8,Great Dane
Dog,Maggie,Mag bag,3,Great Dane
Dog,Finn Jethro,Finny,7,Poodle mix
Dog,Tallulah Lilac,Lulah,4,Poodle mix
Dog,Bear,Bear,6,Husky - shepherd - collie
Cat,Fuji,Worm,9,Domestic house cat
Dog,Emily,Emily,7,American Pitbull
Dog,Winifred Yankeestaff Arnone,Winnie,13,English Staffordshire Bull Terrier
Dog,Bella,Bella,9,Shi Tzu mix
Dog,Mocha Latte,Moch,2,Retriever
Dog,Bentley Rockstaff Jardine Arnone,Bentley,0.8,English Staffordshire Bull Terrier
Cat,Lili,Lili,11,Russian blue
Dog,Freddie Mercury,Freddie,15,Mini schnauzer
Dog,Einstein Pancake,Einstein,11,Shi Tzu mix
Cat,Kit Marlowe,Marlowe,11,Domestic short hair
Dog,Sir Eggs Benedict,Benny,2.5,Pembroke welsh corgi
Dog,Bandit,Ban ban,8,Husky
Cat,Beauregard Montgomery Cat,Beau,3,Black 
Dog,Mac,Mac,5,Border collie
Dog,Shepherd E Stoltzfus,Shep,5,Border collie
Dog,Cinnamon,Chinamon,4,Golden lab mix
Rabbit,Greta,Greta,13,Mini Rex
Dog,Rocky Ciroc,Ciroc,6,Bichon frise cross
Cat,Cloudy,Cloudy,9,Unknown
Cat,Sunny,Sunny,5,Unknown
Dog,Jack,Jack,2,Miniature dachshund
Dog,Baldrick of Blackadder Bob,Bob,14,Miniature schnauzer
Dog,Danny,Danny,Deceased,Pomeranian mix
Dog,Troy,Sweetie,9,Pit bull mix
Dog,Lavender,Lav,8,Pit bull mix
Dog,Buddy,Mr. B,6,Golden retriever
Dog,Chase,Chase,6,Boxer
Dog,Charlotte,Charlie,0.8,Mostly Border Collie
Dog,Ice,Ice,14,Sharpei/Dachshund mix
Fish,Alpha (the Beta),Alpha,0.1,Betta fish
Dog,Dolly,Dolly,7.5,Lab mix
Dog,Geoffrey,Geoffrey,1,Maltipoo
Rabbit,Aragorn,Strider,5,Dwarf rabbit
Rabbit,Arwen,Arwen,4,Lion head dwarf lop
Dog,Holly,Holly,8.5,Golden retriever
Dog,coco pollybird,Coco,10,Cocker spaniel
Dog,Tim,Tim,12,Beagle
Dog,Magui Josefina Primera Mercado,Mo√±o√±ito,16,English cocker spaniel
Turtle,Robustiana,Robby,5,Unknown
Dog,Scooby,Scoob,Unknown,American cocker Spaniel
Dog,Balto Jos√©,Bartolo,6,Unknown
Bird,Lul√∫ Anastasia,Pollo,16,Unknown
Dog,Xena Badass McAwesome Princess Flufflepuffs of the Ashen Fields of Mordor,Xena,6,Golden retriever
Dog,Wilbur,Wilby,6,French bulldog
Dog,Rowena Ravenclaw,Puppy,3,Rhodesian ridgeback
Dog,Magnificent,Maggie,7,King Charles/papillon mix
Dog,Nova,Scoosh,0.6,Cocker spaniel
Dog,Penny,Penny,12,Ray terrier
Cat,Jasper,Jasper,8,Unknown
Dog,Maisie taters,Maisie,2,Hound mix
Dog,Guinness,Guinness,9,Australian shepherd
Dog,Johnny Bee,Johnny,5,Boxer mix
Cat,Emma,Emma-zoo,21,Calico
Dog,Mayflower,May,12,Labrador
Cat,Benjamin,Ben,6,Unknown
Dog,Roscoe,Roscoe,13,Beagle
Cat,Pitted bear,Pits,6,Unknown
Cat,Lily,Lily,20,Unknown
Cat,Maggie,Maggie,19,Unknown
Cat,Tom,Tomsl,18,British short hair
Cat,Gerri,Gerri,17,British short hair
Dog,Ashley,Ashley,5,English cocker spaniel
Cat,Moritz,Mori,8,None
Dog,Janis,Janis,7,Unknown
Dog,Leonardo,Leo,7,Pekingese
Rabbit,Cheeky,Twatty,5,Unknown
Cat,Tyler,Doofus,11,Domestic short hair
Dog,Ceili Kibbles,Ceili (pronounced K-Lee),10,Golden retriever
Cat,Kiki,Kikster,11,Domestic short hair
Dog,Charlie,Charlie,0.4,Bernese mountain dog
Cat,Oreo,Oreo,0.3,Short haired
Cat,Ichi,Itch,8,Unknown
Fish,Mussel,Muss,3,Unknown
Dog,Mango,Mango,2,Unknown
Hamster,Muffin,Muffin,2,Unknown
Dog,Rufus,Roofie,14,Golden retriever
Dog,Daisy,Daze,0.3,Golden retriever
Dog,Lily,Lils,13,Golden retriever
Dog,Bertie,Bertie Boy,0.3,Golden retriever
Dog,Max,Bear,7,Akita
Dog,Molly,Moo,7,Beagle
Dog,Poppy,Poppy dog,2,Golden retriever
Dog,Daisy,Daisy dog,2,Golden retriever
Cat,Nica-Nu,Nica-NO-GIVE-THAT-BACKQ,1.8,British short hair
Cat,Meredith,Mer,8,Unknown
Dog,Koda,Koda,9,Golden retriever
Dog,Elwood,Elwood,9,Golden retriever
Dog,Jake,Jakey,9,Golden retriever
Cat,Blizzard,White,13,Unknown
Cat,Hemingway,Hemi,9,Unknown
Cat,George,Porge,11,Unknown
Dog,Miles,Miles,8,Labrador
Cat,Sherbert,Sherbert,1,Unknown
Cat,Liesje,Liesje,5,Tortie cat
Dog,Indiana,Indy,10,Springer spaniel
Cat,Diego Maradona,Degs,3,Unknown
Dog,Maximus Harvey,Max,2,Golden retriever
Cat,Paco,PAC man,2,Unknown
Dog,Douglas Ray Richardson the Third,Doug,6,Red heeled
Guinea pig,Wilbur,Wilbur,1,Unknown
Guinea pig,Vincent,Vinnie,1,Unknown
Dog,Harley,Gnarly,4,Pug
Tortoise,Taco,Taco,7,Russian Tortoise
Dog,Buster,Busty,14,Jack russell
Dog,Alfie,Alfie Dude,14,Jack russell
Dog,Mila,Mila,9,Mixed
Dog,Zero,Boydog,10,Rhodesian ridgeback
Rabbit,Cirkeline,Cirkeline,7,Mixed
Dog,Bella Nina; Thomas James; Archie,Bella; Tom; Archie,7,German shepherd
Cat,Mao. (As in Chairman Mao,Mao,14,Moggy
Dog,Briggs,Briggy,10,Lab mix
Dog,Mya (The Dog),My,13,Labrador
Cat,Dee Dee,Dee,13,Unknown
Dog,Neela,Neely,8,Shi Tzu mix
Dog,Hank,Hankle,2,Blue heeler/Australian shepherd
Dog,Button,Button,7,Cockalier
Dog,Missy Princess,Missy,14,Cocker spaniel
Dog,Prince,Prince,7,German shepherd
Dog,Samuel,Sam,8,Golden retriever
Cat,Wolfe,Buddu,11.5,Domestic short hair
Cat,Muppet,Muppy,6,Tabby cat
Bird,Bruce,Brucey,10,Budgerigar
Dog,Precious Fudge,Miss Precious,12,Chocolate labrador
Dog,truffles,truffs,11,Chocolate poodle
Dog,woodland,Woody,4,Chihuahua
Rat,Tomasa,Tommy,9.2,Unknown
Dog,Heath M,Mr. Peaf,8,Australian shepherd
Dog,Mosley,Mr. Mosley,6,Pit bull mix
Dog,Peter,Mr. Peter,3,Unknown
Cat,Miss Lucy,Lucy,4,Siamese
Cat,Miss Molly,Molly,3,Unknown
Cat,Luna,Luna,0.3,Ragdoll
Dog,Sammy,Sammy,12,Shi Tzu mix
Dog,Theodore Barkalot,Teddy,8,Bichon Havanese
Chicken,Delphine,Unknown,2,Speckledys
Dog,d'Artagnan,Dart,17,Pug
Cat,Fire,Fire,0.3,Short haired
Cat,Ash,Ash,0.3,Short haired
Cat,Kami,Kam,1,Long haired
Cat,Kit Kat,Kit,0.2,Medium hair
Dog,Celsius Pele Amadeus Cartier,Celsius,11,Black labrador retriever
Dog,Lando Calrisian,Lando,4,Labrador
Dog,Obi-Wan,Obi,2,Labrador
Dog,Titus Sirius Icarus Cartier,Titus,10,Black labrador retriever
Dog,Samuel T Dogg,Sam,0.8,Labrador
Cat,Puka Shell,Puka,3,Unknown
Cat,Lily Pad,Lily,1.5,Unknown
Dog,Oreo Ann,Oreo,11,Unknown
Dog,Oliver,Ollie,7,Unknown
Dog,Stamford,Stamford,10,Bichon frise cross
Dog,Bentley,Bentley,4,Chocolate labrador
Dog,Lulu,Lulu,10,Jack russell
Dog,Ella,Elephant,8,Retriever X labrador
Dog,Roxy,Roxy,5,German shepherd
Cat,Andrew Angela,Andie,1.5,American short hair
Cat,Cricket,Creekee,8,American short hair
Dog,Desmond,Dez,8,English Black Labrador
Cat,Tallulah May,Chunky butt,2,American short hair
Dog,Stella,Stella,9,Hunterway x Collie
Cat,Snowflake,Snow / Snowy,11,Maine coon
Dog,Sheena,Beena,12,Golden
Cat,Rico,Rico,13,Unknown
Cat,Sirius Black,Chonk,4,Unknown
Cat,Bellatrix Lestrange,Bella,2,Unknown
Dog,Perry the Poodle,Perry,2,St
Dog,Cody the Corgi,Cody,3,Pembroke welsh corgi
Cat,Princess Penelope Pineapple Pizza,Kitty,3,Calico
Cat,Mel,Melzinga,3,Unknown
Dog,Ginevra Molly,Ginny,0.3,Golden retriever
Cat,Mel de Melissa Duarte Brandizzi,Mel,3,Unknown
Cat,Mila Vilela Brandizzi,Mila,1,Unknown
Cat,Sushi,Baby / Sushi Burger,14,Black cat
Dog,Riley,Riley or Ri (pronounced RHY),4,Husky
Dog,Cleopatra,Cleo,3,Greyhound
Dog,Coco,Coco,10,Corgi
Dog,Captain,Captain aka Cappie,14,Husky
Dog,Buddy,Buddy,8,Mutt
Dog,Magnolia Mae,Maggie,2,Corgi
Dog,Sam,Sammy,5,Border collie
Frog,Lily,Lily,1,Unknown
Dog,Zoey,Zo,4,Mutt
Cat,Sammy,Sammy,9,Unknown
Cat,Tika,Tika,8,Unknown
Cat,Prince William,William,9,Unknown
Dog,Chip,Chippers,2,Golden retriever
Spider,Rosie,Rosie,6,Chilean rose hair tarantula
Cat,Zoey,Zoey,5,Tabby cat
Cat,Stella Lou,Stella,2,Tabby cat
Dog,Snickers,Snick,8,Labrador
Dog,Max,Max,12.5,Labrador
Dog,Leeloo,Leeloo,2,Labradoodle
Dog,Owen,Owen,13,Ridgeback
Dog,Daisy May,Daisy,11,Golden retriever
Cat,Maria,Maria,8.5,Mixed
Dog,Sunshine,Sunny,4,Pyrador
Cat,Penelope,Penelope,9,Calico
Lizard,Pebbles,Peb,4,Leopard gecko
Dog,Freskin,Fattima Bouffants,13,Black labrador retriever
Dog,Philippa,Pippa,4,American Hairless Terrier
Dog,Lillie (Lilian now that she‚Äôs older),Lillie,5,Boxer
Cat,Callie,Callie,15,Unknown
Dog,Dr. Wolf Barker,Wolfie,7,Mixed
Dog,Toby,Tobias,10,Bichon frise cross
Cat,Mackintosh,Milo,10,Street corner
Dog,Alice,Alicima Bouffants,11,Bichon frise cross
Dog,Dee Dee,Deedle Dumpling,10,Bichon frise cross
Dog,Oliver,Oliver,12,Bichon frise cross
Dog,Reuben,Reuben,12,Bichon frise cross
Dog,Mowgli,Mowgli,3.5,Yorkshire
Dog,Toby,Toby,12,Labrador retriever
Gerbil,Salt,Salt,2,Unknown
Gerbil,Pepper,Pepper,2,Unknown
Cat,Shaka,Shaka,9,Siamese
Cat,Zia,Zia,12,Siamese
Dog,Buddy,Buddy,11,Mutt
Dog,Bella Sitka LASTNAME,Bell,15,Mianture american eskimo
Dog,Monty,Montgomery of Fitzgerald,8,Labrador retriever
Dog,Luna Lastname,Luna,0.8,Doxin
Bird,Vaillante,Vaillant,5,Unknown
Dog,Echo Last Name,Echo,12,Mianture american eskimo
Dog,Nuffin,Nuffin,6,Golden retriever
Cat,Tauriel,Tauriel,4.5,Domestic short hair
Cat,Garbanzo,Bean,4,Domestic short hair
Dog,Mars,Chano,9,Corgi
Dog,Calhoun Richard Anderson du Nord,Cal,3.5,Golden retriever
Dog,Charlie Brown,Charlie,10,Labrador retriever
Dog,Bixby Lucas,Bixby,1,Black lab
Cat,Luna Linetti,Luna,1,Black cat
Dog,Taco,Taca Taca,13,French bulldog
Dog,Belle,Jelly Belly,3,Beagle mix
Dog,Jimmy,Jimmy,3,Jack russell terrier
Hamster,Wobbles,Wobbles,0.8,Syrian hamster
Cat,Buddha,Buddha,15,Domestic short hair
Dog,Miles,Miles,10,Redbone Coonhound
Dog,Eleanor Rose,Elly,5,Golden retriever
Cat,Charlotte May,Charlotte,4,Brown 
Dog,Cooper Jay Nigel Winston,Cooper,8,Yorkshire
Dog,Buddy Augusto,Buddy,14,Cocker spaniel
Dog,Dash,Dash,7,Pit bull mix (
Cat,Calvin Coolidge Cat,Cal,17,Siamese
Cat,Gracie Coolidge Cat,Gracie,16,Russian blue
Dog,Opie,Dope/ Opie,11,Golden retriever
Dog,Georgia,Georgia,3,Unknown
Cat,Emile,Mealsies,6,French Charteux
Cat,Zoe,Zoe,3,Mixed
Cat,Malcolm,Mal,3,Tabby cat
Dog,Dino,Dino,Deceased,Keeshound
Cat,Molly,Molly magoo,1,Mixed
Cat,Bruce Springsteen,Bruce,24,Cat
Dog,Penny,Penny,10,"Beagle, miniature pinscher"
Cat,Raven,Raven,6,Black shorthair cat
Cat,Clarabelle,Clarabelle,7,Polydactyl shorthair cat
Dog,Alex‚Äôs Fiesty Girl Bailey Balogh,Bailey,10.5,Golden retriever
Dog,Rey,Reymundo,2.5,Jack Russell/chihuahua
Dog,Uwe,Uwe,4,Golden
Dog,Millie Betty,Mill,1.5,Dalmatian
Dog,Henry,Henny,1,Dalmatian
Dog,Daisy May,Daisy,13,Mutt
Dog,Chamomile June,Cammie,9,Cocker spaniel
Dog,Chapman,Chapman,15,Black lab
Dog,Tucker,Tucker,0.8,Mini australian shepard
Dog,Chappelle,Mutt,7.8,Dachshund 
Cat,Wilhelmina Rae,Willa,5,Unknown
Cat,Frances Louise,Frankie,6,Unknown
Cat,Victoria Susan,Tori,6,Unknown
Cat,Ossana Mae,Ossie,5,Unknown
Dog,Bella,Bella,11,Greater Swiss Mountain Dog
Dog,Toby Wan Kenobi,Toby,1,Golden retriever
Dog,Daisy,Daisy,12,Labrador
Dog,Beaucoup du Chien,Beau,Deceased,Newfoundl
Dog,Pumpkin,Pumpkin,Deceased,Labrador
Dog,Poquit,Poquit,Deceased,Chocolate labrador
Cat,Orange Laurie,Orie,Deceased,Unknown
Cat,Sunset,Sunny,Deceased,Unknown
Dog,Rosie,Rosie,9,Golden retriever
Cat,Matilda,Matilda,4,DSH (tuxedo)
Dog,Murphy,Murphy,10,Yorkshire
Dog,Giacomo Science,Giacomo,6,Bernese mountain dog
Dog,Zuul,Zuul,5,Pit bull mix
Dog,Trogdor Jealous,Dora,14,Mixed
Cat,Idalou,Lou,7,Domestic short hair
Dog,Professor Tuxedo,Tux,1,Bernese mountain dog
Dog,Bodie,Bodie,8,Golden retriever
Dog,Zoey,Zoey,5.5,Labradoodle
Cat,Eddy Jefferson,Eddy,4,Cat
Dog,Joel Carlos,Joel,3,Beagador
Dog,Lola,Lola,1,English cocker spaniel
Cat,Margot Mae,Margot,4,Domestic short hair
Dog,Rufus,Rufus,15,Cairn terrier
Dog,Sadie,Bubba,12,Golden
Cat,Chester,Kiddo,1,Unknown
Dog,Zoey Deschanel,Zo,12,Bichon frise cross
Dog,Cooper,Coop,6,Golden
Dog,Captain Goose,Goose,1,Unknown
Dog,Mr Doctor Professor Constable Detective Brick,Brick,8,British Bulldog
Dog,Ellie Sattler,El,1,pibble
Cat,Lily,little shit,4,Unknown
Dog,Juke,Juke,4,Dachshund
Dog,Blue,Blue,0.5,Chocolate labrador
Dog,Kiefer Bartholomew,Kief,9,Belgian Shepard
Dog,Jackson,Jax,5,Labradoodle
Cat,Marzipan,Pan,2,Unknown
Dog,Zeta bear,Bear,6,German shepherd
Cat,Sunny,Sun Bun or just Bun,0.2,Unknown
Hedgehog,Professor Minerva McGonaquill,Minnie,2.5,African Pygmy
Dog,Minnie,MinniePin,2,Mutt
Fish,Fsh,Fsh,10,Mexican blind cave tetra
Dog,Dixie,Dixie,15,Shepherd mix
Dog,Rosa Barks,Rosie,11,Shi Tzu mix
Dog,Charlie,Charlie,0.2,Cavapoo
Dog,Jack Dog,Jack,16,Mutt
Cat,Minerva,Minny,6,Unknown
Dog,Timon,Timon,3,Mutt
Dog,Leila Fowler-Martinez,Leila or Pinche Leila,7,Unknown
Dog,Tubu,Tubu,11,Chihuahua
Cat,Venus,Kitty,11,Short haired
Dog,Goodness Gracious,Gracy,12,Shi Tzu mix
Dog,Monkey,Monkey,11,Australian shepherd
Cat,Jynx,Jynx,4,Domestic medium hair
Dog,Rosie,Rosie Posie,Deceased,Golden retriever
Cat,Wendy,Wendy,3,Domestic short hair
Hamster,katya,chicken (idk why),2,Russian dwarf hamster
Dog,Scirocco Augustus,Rocco or Crocco,5,Treeing Walker Coonhound
Dog,Heavy Duty Puppy,Duty,4,Sheltie
Rabbit,Arthur,Arturo,5,English Lop
Cat,Jack,Kitty boy,6,Tabby mix
Dog,Siena Rosa,Siena,12,Golden retriever
Dog,Buttercup Maplesde,Butternut,2.5,Unknown unknown Bali dog mix 
Dog,Ghia Lynn,Ghia or Geeg,1,Border Collie/ Chinese sharpei
Dog,Delilah,Lilah,7,Beagle
Cat,Bailey‚Äôs Irish Cream,Bailey,13,Siamese mix
Dog,Treacle,Treacle,10,Border collie cross
Dog,Sam,Sam,11,Labrador
Dog,Tyson,Tysbert,14,Rottweiler mix
Cat,Madison Square Garden,Square,2,Unknown
Cat,Garfield,Cooter üò≥,8,Orange tabby
Dog,Parker,Parker,11,Goldendoodle
Dog,Captain Avro Clarence,Avro,6,Schnauzer
Dog,Carlene,Weentz,4,Mutt
Dog,Linda,Linda,10,white west highl
Cat,Stellabella,Stella,7,Tortie cat
Dog,Toby Wooferton,Toby,18,Mixed
Dog,Sacha,Fjollehoved (Danish for goofball),13,Dog (Golden Labrador Retriever)
Cat,Ponce de Leon,Ponce,7,Domestic short hair
Dog,Snickers,Snicks,14,Labradoodle
Cat,Echo,Echo,12,Unknown
Cat,Tiga,Tiga,7,Domestic short hair
Dog,Sherlock Bones,Sherlock,4,Pit bull mix
Dog,Irene Adler,Addie,8,Bulldog
Cat,Bloo,Bloo,11,Unknown
Dog,Wallace,Wally,2,Labradoodle
Dog,Dude,Handsome,2.5,Labrador retriever
Cat,Mitten,Tuna,13,Unknown
Dog,Bailey,Bailey,9,Golden retriever
Dog,Willow,Sweetie,6,Labrador retriever
Dog,Philistine Smoosh,Bill,14,Jack russell terrier
Cat,Kitty Cat,KC,13,Unknown
Cat,Elvis,Tubby,12,Siamese
Dog,Henry Nacho,Henny,8,Golden retriever
Dog,Maximilian Kolby,Maxy,16,Golden retriever
Dog,Argos,Argos,6,Mixed
Ferret,Buttercup,Butter,Unknown,Unknown
Elephant,Jumbo,Jumbo,19,Loxodon
Dog,Madeline Grace,Ma ma,15,Golden retriever
Dog,Elvis,Elvis,11,Cockapoo
Dog,Coconut Butter,Coco,5,Mixed
Dog,Lucy-fur,Lucy,12,Golden retriever
Dog,Sophie Grace,Soph,13,Brindle Black
Dog,Prince,Prince,14,"Poodle, Shih Tzu "
Dog,Jackson Buttsickle,Jacks,4,Mixed
Dog,Lassie,Lass Lass,14,Moth Eaten Carpet
Dog,Charles Xavier II,Charlie,4,Great pyrenees
Cat,GingerSnapz C. Cat,GingerSnapz,7,Domestic short hair
Dog,Caroline,Caroline,5,Purebred Alabama Mutt
Cat,Shadow,Shadow,11,Unknown
Cat,Murray 2,Murray,7,Unknown
Dog,Beau,Goomby,4,Golden retriever
Dog,Lindon,Lindy loo,10,Pit bull mix
Cat,Marilyn,Chirp,5,Orange
Dog,Tedward,Teddy,4,Shi Tzu mix
Dog,Zuzu,Zu,4,Shi Tzu mix
Dog,Marcus Brutus,Brutus,4,Boxer
Cat,Charlie Chaplin,Charlie,1,Unknown
Cat,Molly Tigerlily,Molly,1,Unknown
Cat,Britannia,Brit,10,Unknown
Dog,Brownie Leigh,Brownie,3,Golden shepherd
Dog,Jersey Girl,Jersey,11,Husky/malamute/sneaky neighbor's dog mix
Dog,Stella,Stells,10,Goldendoodle
Dog,Lizzie,Lizzie Pie,6,Husky/sneaky neighbor's dog mix
Cat,Marby,Beanie baby,14,American short hair
Dog,Roxy,Roxy Socks,1,Mutt
Dog,Coco Murfree,Coco,9,Border collie
Dog,Ozzy,Ozlet,1,Mini australian shepard
Dog,Winston Pigaloo,Winston or Lewis,6,Pug
Dog,Noodle,Noodle / Weenie,13,Weiner Dog
Dog,Phantom,Phantom,5,Staffordshire pit bull
Dog,Ellen Park,Ellen,3,Grey
Cat,Meredith,Mer,1,Domestic short hair
Cat,Brennan Zachary,Punkin butt,8,Domestic short hair
Dog,Spud,Schmoops,1.5,Pembroke welsh corgi
Dog,FN 2187,Finn,1.5,Goldendoodle
Cat,Frank En Stein,Frank,8,Maine coon
Dog,Pisco,Pisco,5,German Wirehaired Pointer
Dog,Sadie,Sadie,3,GSD
Dog,Lola,Loli Ravioli,0.8,Golden retriever
Dog,Addie Heart,Addie,8,Lab/Chow chow mix
Dog,Ernie,Ernburn,1,Unknown
Chinchilla,Milo Chicken Nugget,Milo,0.5,Unknown
Cat,Melon,Mel,3,Black
Dog,Semaj,Sammich,4,Shi Tzu mix
Dog,Maya,Little Miss Maya,8,Shi Tzu mix
Dog,Bijou,Bijou,12,Jack russell terrier
Dog,Pesto,Pesto,0.8,Beagle
Dog,Maggie,Magz,Unknown,Eskimo mix
Cat,Doctor snuggles von fluffybottom,D.O.C.,6,Unknown
Dog,Toby,Toby,1,Golden retriever
Dog,Jacob Marley,Jake,6,Golden retriever
Cat,Dixie,potato,11,Fluffy
Dog,Cujo,Bubby,11,Cocker spaniel
Cat,Finn,Finnard,9,Long haired
Dog,Maizie,Maizie,0.3,Mini schnauzer
Dog,Bruce D4,Bruce,12,Dachshund
Dog,Jackie Kate,Jackie,5,Lab mix
Dog,Daisy Bear,Daisy or Bear,2.5,German shepherd
Gecko,Donut,Donut,5,Crested Gecko
Fish,Whiskers Goldie-the-Goldfish Sweetie,Whiskies,2,Betta fish
Dog,Tinker Stinker,Stinks,2.5,German shepherd
Cat,Vinnie,Huggiebear Biden,4,Unknown
Cat,Watson,Dr. Watson ,8.5,Tabby
Dog,Mile High Ice Storm,Miles,7,Golden retriever
Dog,Breezy Bear,Breezy,1,Golden retriever
Dog,Nara,Gorda,3,Australian shepherd
Dog,Wyatt Daniel,Wyatt,2,Pembroke welsh corgi
Fish,Waffle,Waffle,2,Betta fish
Dog,Rosie,Rosie,10,Walker Hound
Dog,Lilly,Lilly,10,German shepherd
Dog,Charles,Charles,12,Miniature schnauzer
Dog,Pippa,Pip,1.1,Goldendoodle
Dog,Oliver,Ollie,7,Jack russell terrier
Dog,Kiku,Kiku,3,Mutt
Dog,Brandy,Brenda,10,Havanese
Dog,Bobby,bobkin,8,Shi Tzu mix
Dog,Emma,Emma,12,Shi Tzu mix
Dog,Bessy,Bess,10,Labrador
Cat,Romanovski,Romi,5,Domestic short hair
Cat,Fifi La Pou,Fifi,2,Domestic long hair
Cat,Georgie Porgie,Georgie / Saucy,1,Domestic short hair
Dog,Dakota,Woobis,13,Mixed
Dog,Altrichter,Cooper,9,Golden retriever
Dog,Tucker,Tuck,7,Golden retriever
Cat,Milo,Milo,13,Tabby cat
Fish,Pepperwood,Pepperwood,1,Betta fish
Cat,Jameson Chewbacca,Jamie,15,American short hair
Dog,Penny Bellew,Penny,6,Labrador
Cat,Buddy,Buddy,2,Unknown
Cat,Cat Jenkins,Cat,2,Unknown
Cat,Crouton,Crouton,3,Unknown
Dog,Morena,Morena,2,Corgi
Cat,Samus Aran,Samus,14,Tabby cat
Dog,Brownie,Bub,13,Maltipoo
Dog,Mose Schrute,Mose,2,German shepherd
Dog,Rocky,Rocky,6,Corgidor
Cat,Rosalind Franklin,Rosie,1,Unknown
Cat,Harley quinn,Baby kitty,5,Unknown
Fish,Sushi,Sushi,2,Betta fish
Cat,Mister Beans,Mister beans/ beans/ beansy boi,10,Grey
Fish,Lord Baphomet: Destroyer of Worlds,Baphomet,Unknown,Goldfish
Dog,Tyler John (had to give him a middle name for when he was in trouble),Ty,12,Rhodesian ridgeback
Cat,Adanac,Chunky,2,American short hair
Cat,Callister,Callibean,2,American short hair
Dog,Tux,Tux,9,Black lab
Dog,Ruby,Ruby,3,Coonhound
Dog,Pooch-K,Pooch-k the pooch,7,Mutt
Dog,Scooby,Scoobers,0.6,Mutt
Cat,Dwayne,Mr. Baby Dwayne,3,American short hair
Cat,Alice,Spippy,11,American short hair
Dog,Lloyd,Lloyd,11,Golden retriever
Cat,Bo Schembeckler,Kitty,15,Short haired
Dog,Ishka,Ish/Ishka,8,Golden retriever
Dog,Millie,Millie,1.5,Border collie
Dog,Rossa,Ross,5,Golden retriever
Dog,Wookie,Wookie,7,Goldendoodle
Dog,Tucker,Tucker,2,Lab
Dog,Keifer,Keifer,14,Labrador
Dog,Frankie,Frankie,7,Husky mix
Cat,Tenzing,Tenzing,12,Short haired
Dog,Sammy,Sam,5,JRT/miniature pincher
Dog,Barrett,Barrett,3,German shepherd
Dog,Benjamin,Benj,2,Border Collie/Belgian Malinois
Dog,Laney,Laney,12,Golden retriever
Dog,Dixie,Lady,3,American Pitbull
Dog,Diesel,Diesel,3,Pit bull mix
Hamster,Hamtaro,Hamtaro,Unknown,Unknown
Dog,Baxter,Baxter,7.5,Golden retriever
Dog,Riley Marie,Riley,13,Cocker spaniel
Dog,Reginald Fonzerelli Hawkes,Reg,12,Goldendoodle
Cat,Molly,Molly,6,Unknown
Cat,Kevin,Booboo,3,Unknown
Dog,Erik,Earwig,4,Wire-haired mutt
Dog,Oliver,Oli,8,Jack russell
Spiney leaf insect,Thing one,Her,1,Unknown
Dog,Bilbo Spud Doggins,Bilbo,5,Corgi/Cocker Spaniel mix
Dog,Bailey Woofer,Bailey,13,Cocker spaniel
Cat,Roy lee laramie,Roy,10,Unknown
Cat,Petunia,Tuney,8,Unknown
Dog,Skyy like the vodka,Skyy,3,Husky
Lizard,Stubbs,Stubs,15,Leopard gecko
Dog,Malibu like the rum,Malibu,1,Golden retriever
Dog,Golden Tate,Tate,2,Golden retriever
Dog,Bear,Bear,0.6,Labrador retriever
Dog,Stanley,Stan,0.5,Miniature schnauzer
Cat,Coco,Coco,4,Short haired
Dog,Andromeda Mae,Andie,6,Goldendoodle
Dog,Eloise Gertrude,Ellie,2,Labradoodle
Dog,Lady Bonnie of Coventry,Bonnie,8,Black lab
Cat,Ophelia Marie KitKat Mcdougle O‚ÄôMalley Jr.,Ophelia,9,Unknown
Cat,Sie Isaac Newton,Newton,16,Unknown
Cat,Black Cat,BC,3,Unknown
Dog,Gibson,Gibby,2.5,Pit bull mix
Dog,Brewskie,Brew,11,Beagle
Cat,Wolfgang Motzart,Wolfie,7,American short hair
Dog,Koli,Koli,11,Yorkshire
Dog,Moxie Jean Narice,Moxie,1,German shepherd
Dog,Dancer Pants,Dancer,17,Havanese
Cat,Kitty or The Cat (if she's being bad),Kitty,1,Unknown
Fish,Blueberry,Blue,0.5,Betta fish
